-- phpMyAdmin SQL Dump
-- version 4.8.3
-- https://www.phpmyadmin.net/
--
-- Gép: mysql.omega:3306
-- Létrehozás ideje: 2023. Jún 12. 20:30
-- Kiszolgáló verziója: 5.7.40-log
-- PHP verzió: 5.6.40

SET SQL_MODE = "NO_AUTO_VALUE_ON_ZERO";
SET AUTOCOMMIT = 0;
START TRANSACTION;
SET time_zone = "+00:00";


/*!40101 SET @OLD_CHARACTER_SET_CLIENT=@@CHARACTER_SET_CLIENT */;
/*!40101 SET @OLD_CHARACTER_SET_RESULTS=@@CHARACTER_SET_RESULTS */;
/*!40101 SET @OLD_COLLATION_CONNECTION=@@COLLATION_CONNECTION */;
/*!40101 SET NAMES utf8mb4 */;

--
-- Adatbázis: `otthonkereso`
--

-- --------------------------------------------------------

--
-- Tábla szerkezet ehhez a táblához `animalinfo`
--

CREATE TABLE `animalinfo` (
  `animalID` varchar(25) COLLATE utf8mb4_hungarian_ci NOT NULL,
  `Name` varchar(50) COLLATE utf8mb4_hungarian_ci NOT NULL,
  `Specie` varchar(3) COLLATE utf8mb4_hungarian_ci NOT NULL,
  `Sex` varchar(15) COLLATE utf8mb4_hungarian_ci NOT NULL DEFAULT 'Nincs megadva',
  `DateofBorn` timestamp NOT NULL DEFAULT CURRENT_TIMESTAMP,
  `Picture` varchar(255) COLLATE utf8mb4_hungarian_ci DEFAULT 'img/animal_pics/default.png',
  `NeedofExercise` varchar(255) COLLATE utf8mb4_hungarian_ci NOT NULL DEFAULT 'Nem írt róla a gazdim, hogy mennyi a mozgásigényem.',
  `CanBaby` varchar(15) COLLATE utf8mb4_hungarian_ci DEFAULT 'Nincs megadva',
  `HouseTrained` varchar(15) COLLATE utf8mb4_hungarian_ci DEFAULT 'Nincs megadva',
  `Chipped` varchar(15) COLLATE utf8mb4_hungarian_ci DEFAULT 'Nincs megadva',
  `Vaccines` varchar(255) COLLATE utf8mb4_hungarian_ci NOT NULL DEFAULT 'A gazdim még nem írta le milyen oltásokat kaptam.',
  `Description` varchar(255) COLLATE utf8mb4_hungarian_ci NOT NULL DEFAULT 'A gazdimnak még nem volt ideje írnia rólam.',
  `FoundHome` varchar(15) COLLATE utf8mb4_hungarian_ci DEFAULT NULL,
  `CreatedAt` timestamp NOT NULL DEFAULT CURRENT_TIMESTAMP,
  `userID` varchar(25) COLLATE utf8mb4_hungarian_ci NOT NULL,
  `TemporaryHome` varchar(15) COLLATE utf8mb4_hungarian_ci DEFAULT 'Nincs megadva',
  `UpdateAt` timestamp NOT NULL DEFAULT CURRENT_TIMESTAMP ON UPDATE CURRENT_TIMESTAMP,
  `Age` int(2) NOT NULL
) ENGINE=InnoDB DEFAULT CHARSET=utf8mb4 COLLATE=utf8mb4_hungarian_ci;

--
-- A tábla adatainak kiíratása `animalinfo`
--

INSERT INTO `animalinfo` (`animalID`, `Name`, `Specie`, `Sex`, `DateofBorn`, `Picture`, `NeedofExercise`, `CanBaby`, `HouseTrained`, `Chipped`, `Vaccines`, `Description`, `FoundHome`, `CreatedAt`, `userID`, `TemporaryHome`, `UpdateAt`, `Age`) VALUES
('021799934231058839534354', 'Zelda', 'HAL', 'Nőstény', '2015-05-04 22:00:00', 'img/animal_pics/fish.png', 'Nem írt róla a gazdim, hogy mennyi a mozgásigényem.', 'Ivartalanítva', 'Nem', 'Igen', 'A gazdim még nem írta le milyen oltásokat kaptam.', 'A gazdimnak még nem volt ideje írnia rólam.', 'Igen', '2023-04-27 20:00:13', '292818400541973889712150', 'Nem', '2023-04-27 20:00:13', 7),
('043752911177673488076834', 'Harley', 'POK', 'Nőstény', '2017-10-01 22:00:00', 'img/animal_pics/spider.png', 'Nem írt róla a gazdim, hogy mennyi a mozgásigényem.', 'Ivartalanítva', 'Igen', 'Igen', 'A gazdim még nem írta le milyen oltásokat kaptam.', 'A gazdimnak még nem volt ideje írnia rólam.', 'Igen', '2023-04-27 19:59:34', '281693062264914320425694', 'Nem', '2023-04-27 19:59:34', 5),
('052150687287572692964496', 'Onyx', 'TOD', 'Hím', '2001-04-14 22:00:00', 'img/animal_pics/pygmypig.png', 'Nem írt róla a gazdim, hogy mennyi a mozgásigényem.', 'Igen', 'Nem', 'Nincs', 'A gazdim még nem írta le milyen oltásokat kaptam.', 'A gazdimnak még nem volt ideje írnia rólam.', 'Nem', '2023-04-23 14:03:46', '120574690167101321608042', 'Igen', '2023-04-23 14:03:46', 22),
('058485980980527109891351', 'Lexi', 'LEG', 'Nőstény', '2015-02-09 23:00:00', 'img/animal_pics/iguana.png', 'Nem írt róla a gazdim, hogy mennyi a mozgásigényem.', 'Ivartalanítva', 'Igen', 'Igen', 'A gazdim még nem írta le milyen oltásokat kaptam.', 'A gazdimnak még nem volt ideje írnia rólam.', 'Nem', '2023-04-25 11:17:35', '998058286261243622202718', 'Igen', '2023-04-25 11:17:35', 8),
('059207856970376248249690', 'Achilles', 'TEK', 'Hím', '2011-09-05 22:00:00', 'img/animal_pics/turtle.png', 'Nem írt róla a gazdim, hogy mennyi a mozgásigényem.', 'Ivartalanítva', 'Igen', 'Nincs', 'A gazdim még nem írta le milyen oltásokat kaptam.', 'A gazdimnak még nem volt ideje írnia rólam.', 'Nem', '2023-04-23 14:03:49', '617564526612369186726451', 'Nem', '2023-04-23 14:03:49', 11),
('070573498917400800195669', 'Fiona', 'MOK', 'Hím', '2010-04-12 22:00:00', 'img/animal_pics/squirrel.png', 'Nem írt róla a gazdim, hogy mennyi a mozgásigényem.', 'Ivartalanítva', 'Nem', 'Igen', 'A gazdim még nem írta le milyen oltásokat kaptam.', 'A gazdimnak még nem volt ideje írnia rólam.', 'Igen', '2023-04-27 19:59:36', '120574690167101321608042', 'Nem', '2023-04-27 19:59:36', 13),
('073853452979904697228334', 'Ariel', 'NYU', 'Nőstény', '2021-01-05 23:00:00', 'img/animal_pics/rabbit.png', 'Nem írt róla a gazdim, hogy mennyi a mozgásigényem.', 'Ivartalanítva', 'Igen', 'Nincs', 'A gazdim még nem írta le milyen oltásokat kaptam.', 'A gazdimnak még nem volt ideje írnia rólam.', 'Igen', '2023-04-25 11:17:32', '797003268842242101341189', 'Igen', '2023-04-25 11:17:32', 2),
('078083958974313903927086', 'Lily', 'SUN', 'Hím', '2012-03-08 23:00:00', 'img/animal_pics/hedgehog.png', 'Nem írt róla a gazdim, hogy mennyi a mozgásigényem.', 'Igen', 'Nem', 'Nincs', 'A gazdim még nem írta le milyen oltásokat kaptam.', 'A gazdimnak még nem volt ideje írnia rólam.', 'Igen', '2023-04-27 19:59:24', '742216861214362338553527', 'Igen', '2023-04-27 19:59:24', 11),
('079901362914242082243846', 'Violet', 'TOD', 'Hím', '2002-09-12 22:00:00', 'img/animal_pics/pygmypig.png', 'Nem írt róla a gazdim, hogy mennyi a mozgásigényem.', 'Ivartalanítva', 'Igen', 'Nincs', 'A gazdim még nem írta le milyen oltásokat kaptam.', 'A gazdimnak még nem volt ideje írnia rólam.', 'Nem', '2023-04-23 14:03:55', '617564526612369186726451', 'Igen', '2023-04-23 14:03:55', 20),
('119898397523110703759237', 'Coco', 'KIG', 'Nőstény', '2020-06-22 22:00:00', 'img/animal_pics/snake.png', 'Nem írt róla a gazdim, hogy mennyi a mozgásigényem.', 'Igen', 'Nem', 'Igen', 'A gazdim még nem írta le milyen oltásokat kaptam.', 'A gazdimnak még nem volt ideje írnia rólam.', 'Nem', '2023-04-23 14:04:29', '955590843276135888274847', 'Igen', '2023-04-23 14:04:29', 2),
('122017655430339689631497', 'Cooper', 'MOK', 'Hím', '2012-02-15 23:00:00', 'img/animal_pics/squirrel.png', 'Nem írt róla a gazdim, hogy mennyi a mozgásigényem.', 'Igen', 'Igen', 'Igen', 'A gazdim még nem írta le milyen oltásokat kaptam.', 'A gazdimnak még nem volt ideje írnia rólam.', 'Nem', '2023-04-23 14:03:59', '922962607350386702705466', 'Nem', '2023-04-23 14:03:59', 11),
('139271282647603388800840', 'Lord', 'MAC', 'Hím', '2022-10-20 22:00:00', 'img/animal_pics/644793416b2a02.47102803.jpg', 'Minden nap fürdetés', 'Ivartalanítva', 'Igen', 'Nincs', '-', '-', 'Nem', '2023-04-25 08:45:53', '824300945851882209265816', 'Nem', '2023-04-25 09:54:58', 0),
('159374449550276043254984', 'Brodie', 'PAP', 'Nőstény', '2000-06-01 22:00:00', 'img/animal_pics/parrot.png', 'Nem írt róla a gazdim, hogy mennyi a mozgásigényem.', 'Igen', 'Nem', 'Nincs', 'A gazdim még nem írta le milyen oltásokat kaptam.', 'A gazdimnak még nem volt ideje írnia rólam.', 'Nem', '2023-04-23 14:04:23', '240001377709512960161494', 'Igen', '2023-04-23 14:04:23', 22),
('171703090690477863506416', 'Chico', 'LEG', 'Hím', '2002-10-27 23:00:00', 'img/animal_pics/iguana.png', 'Nem írt róla a gazdim, hogy mennyi a mozgásigényem.', 'Ivartalanítva', 'Igen', 'Igen', 'A gazdim még nem írta le milyen oltásokat kaptam.', 'A gazdimnak még nem volt ideje írnia rólam.', 'Igen', '2023-04-25 11:17:51', '430185145105241257767979', 'Nem', '2023-04-25 11:17:51', 20),
('197634828821815993082677', 'Dakota', 'HAL', 'Nőstény', '2023-07-15 22:00:00', 'img/animal_pics/fish.png', 'Nem írt róla a gazdim, hogy mennyi a mozgásigényem.', 'Igen', 'Igen', 'Igen', 'A gazdim még nem írta le milyen oltásokat kaptam.', 'A gazdimnak még nem volt ideje írnia rólam.', 'Igen', '2023-04-23 14:04:36', '955590843276135888274847', 'Igen', '2023-04-23 14:04:36', 0),
('199229864691802791645846', 'Simon', 'LEG', 'Nőstény', '2019-10-31 23:00:00', 'img/animal_pics/iguana.png', 'Nem írt róla a gazdim, hogy mennyi a mozgásigényem.', 'Ivartalanítva', 'Nem', 'Igen', 'A gazdim még nem írta le milyen oltásokat kaptam.', 'A gazdimnak még nem volt ideje írnia rólam.', 'Nem', '2023-04-23 14:03:47', '298220536812403646556209', 'Igen', '2023-04-23 14:03:47', 3),
('212884281633851310435488', 'Taco', 'TEM', 'Nőstény', '2022-06-11 22:00:00', 'img/animal_pics/ginnypig.png', 'Nem írt róla a gazdim, hogy mennyi a mozgásigényem.', 'Ivartalanítva', 'Igen', 'Nincs', 'A gazdim még nem írta le milyen oltásokat kaptam.', 'A gazdimnak még nem volt ideje írnia rólam.', 'Igen', '2023-04-27 19:59:30', '305867591285767541782396', 'Igen', '2023-04-27 19:59:30', 0),
('231360367293367319172315', 'Max', 'NYU', 'Hím', '2019-04-11 22:00:00', 'img/animal_pics/rabbit.png', 'Nem írt róla a gazdim, hogy mennyi a mozgásigényem.', 'Ivartalanítva', 'Igen', 'Nincs', 'A gazdim még nem írta le milyen oltásokat kaptam.', 'A gazdimnak még nem volt ideje írnia rólam.', 'Igen', '2023-04-23 14:03:39', '546940129684817155127691', 'Nem', '2023-04-23 14:03:39', 4),
('241378856150405804016754', 'Louie', 'HOR', 'Hím', '2005-10-04 22:00:00', 'img/animal_pics/hamster.png', 'Nem írt róla a gazdim, hogy mennyi a mozgásigényem.', 'Igen', 'Igen', 'Igen', 'A gazdim még nem írta le milyen oltásokat kaptam.', 'A gazdimnak még nem volt ideje írnia rólam.', 'Igen', '2023-04-23 14:04:33', '621607645127928935970565', 'Igen', '2023-04-23 14:04:33', 17),
('257124406770643871991758', 'Marty', 'KUT', 'Hím', '2023-01-02 23:00:00', 'img/animal_pics/dog.png', 'Nem írt róla a gazdim, hogy mennyi a mozgásigényem.', 'Igen', 'Nem', 'Igen', 'A gazdim még nem írta le milyen oltásokat kaptam.', 'A gazdimnak még nem volt ideje írnia rólam.', 'Nem', '2023-04-23 14:04:11', '469242302149208117562436', 'Igen', '2023-04-23 14:04:11', 0),
('257735214230143330551496', 'Példa Kutya', 'KUT', 'Hím', '2020-05-26 22:00:00', 'img/animal_pics/644ad58290dab2.78561484.jpg', 'Rengeteg! Nincs megállás!', 'Ivartalanítva', 'Igen', 'Igen', 'Veszettség ellen.', 'Nagyon aranyos kutya.', 'Nem', '2023-04-27 20:05:22', '523504348454289820319421', 'Nem', '2023-04-27 20:05:22', 2),
('266549981981935148545215', 'Smokey', 'HAL', 'Hím', '2015-07-06 22:00:00', 'img/animal_pics/fish.png', 'Nem írt róla a gazdim, hogy mennyi a mozgásigényem.', 'Ivartalanítva', 'Nem', 'Nincs', 'A gazdim még nem írta le milyen oltásokat kaptam.', 'A gazdimnak még nem volt ideje írnia rólam.', 'Nem', '2023-04-23 14:03:43', '330356942514899048792864', 'Nem', '2023-04-23 14:03:43', 7),
('301406124877841121854234', 'Sassy', 'DEG', 'Hím', '2019-11-26 23:00:00', 'img/animal_pics/degu.png', 'Nem írt róla a gazdim, hogy mennyi a mozgásigényem.', 'Ivartalanítva', 'Igen', 'Nincs', 'A gazdim még nem írta le milyen oltásokat kaptam.', 'A gazdimnak még nem volt ideje írnia rólam.', 'Nem', '2023-04-27 19:59:21', '657409029825927137036651', 'Nem', '2023-04-27 19:59:21', 3),
('328743349951200873975030', 'Ariel', 'MEN', 'Nőstény', '2020-11-17 23:00:00', 'img/animal_pics/weasel.png', 'Nem írt róla a gazdim, hogy mennyi a mozgásigényem.', 'Ivartalanítva', 'Nem', 'Igen', 'A gazdim még nem írta le milyen oltásokat kaptam.', 'A gazdimnak még nem volt ideje írnia rólam.', 'Igen', '2023-04-25 11:21:43', '104552485511227381099792', 'Nem', '2023-04-25 11:21:43', 2),
('339839623892832511194558', 'Ziggy', 'PAT', 'Nőstény', '2011-05-29 22:00:00', 'img/animal_pics/rat.png', 'Nem írt róla a gazdim, hogy mennyi a mozgásigényem.', 'Igen', 'Nem', 'Nincs', 'A gazdim még nem írta le milyen oltásokat kaptam.', 'A gazdimnak még nem volt ideje írnia rólam.', 'Nem', '2023-04-23 14:04:02', '795250995596375797526080', 'Nem', '2023-04-23 14:04:02', 11),
('361814842367630299145494', 'Harper', 'PAP', 'Nőstény', '2013-09-05 22:00:00', 'img/animal_pics/parrot.png', 'Nem írt róla a gazdim, hogy mennyi a mozgásigényem.', 'Igen', 'Igen', 'Nincs', 'A gazdim még nem írta le milyen oltásokat kaptam.', 'A gazdimnak még nem volt ideje írnia rólam.', 'Igen', '2023-04-25 11:17:37', '085708036446056384164008', 'Nem', '2023-04-25 11:17:37', 9),
('383723527414444033679359', 'Brutus', 'MAC', 'Hím', '2014-04-17 22:00:00', 'img/animal_pics/cat.png', 'Nem írt róla a gazdim, hogy mennyi a mozgásigényem.', 'Igen', 'Igen', 'Igen', 'A gazdim még nem írta le milyen oltásokat kaptam.', 'A gazdimnak még nem volt ideje írnia rólam.', 'Nem', '2023-04-27 20:00:08', '575095065242808586230835', 'Igen', '2023-04-27 20:00:08', 9),
('396984173536387094074932', 'Aiko', 'KAN', 'Nőstény', '2016-09-05 22:00:00', 'img/animal_pics/canary.png', 'Nem írt róla a gazdim, hogy mennyi a mozgásigényem.', 'Igen', 'Igen', 'Igen', 'A gazdim még nem írta le milyen oltásokat kaptam.', 'A gazdimnak még nem volt ideje írnia rólam.', 'Nem', '2023-04-23 14:04:31', '591435396462093281306606', 'Nem', '2023-04-23 14:04:31', 6),
('401056865269870382039440', 'Dasher', 'MAC', 'Nőstény', '2020-05-12 22:00:00', 'img/animal_pics/cat.png', 'Nem írt róla a gazdim, hogy mennyi a mozgásigényem.', 'Ivartalanítva', 'Igen', 'Igen', 'A gazdim még nem írta le milyen oltásokat kaptam.', 'A gazdimnak még nem volt ideje írnia rólam.', 'Igen', '2023-04-25 11:17:30', '963459319913511790566601', 'Nem', '2023-04-25 11:17:30', 2),
('472219820332798714993559', 'Basil', 'HAL', 'Hím', '2014-04-07 22:00:00', 'img/animal_pics/fish.png', 'Nem írt róla a gazdim, hogy mennyi a mozgásigényem.', 'Ivartalanítva', 'Igen', 'Nincs', 'A gazdim még nem írta le milyen oltásokat kaptam.', 'A gazdimnak még nem volt ideje írnia rólam.', 'Nem', '2023-04-23 14:04:34', '071663041554168406621259', 'Nem', '2023-04-23 14:04:34', 9),
('488382284424594881510434', 'Angel', 'PAT', 'Nőstény', '2007-03-06 23:00:00', 'img/animal_pics/rat.png', 'Nem írt róla a gazdim, hogy mennyi a mozgásigényem.', 'Igen', 'Nem', 'Igen', 'A gazdim még nem írta le milyen oltásokat kaptam.', 'A gazdimnak még nem volt ideje írnia rólam.', 'Nem', '2023-04-23 14:04:07', '131304674505029754607392', 'Nem', '2023-04-23 14:04:07', 16),
('515807098004619991852915', 'Sydney', 'HAL', 'Nőstény', '2022-10-23 22:00:00', 'img/animal_pics/fish.png', 'Nem írt róla a gazdim, hogy mennyi a mozgásigényem.', 'Ivartalanítva', 'Igen', 'Igen', 'A gazdim még nem írta le milyen oltásokat kaptam.', 'A gazdimnak még nem volt ideje írnia rólam.', 'Nem', '2023-04-23 14:03:41', '825091517031282512282166', 'Nem', '2023-04-23 14:03:41', 0),
('520173616887472594560163', 'Riley', 'HOR', 'Nőstény', '2015-12-21 23:00:00', 'img/animal_pics/hamster.png', 'Nem írt róla a gazdim, hogy mennyi a mozgásigényem.', 'Igen', 'Nem', 'Nincs', 'A gazdim még nem írta le milyen oltásokat kaptam.', 'A gazdimnak még nem volt ideje írnia rólam.', 'Igen', '2023-04-23 14:04:05', '925995056402373350602762', 'Igen', '2023-04-23 14:04:05', 7),
('521600719444652293081499', 'Sonic', 'SUN', 'Hím', '1991-06-22 22:00:00', 'img/animal_pics/644955b7751063.00802991.png', 'Nagyon sokat mozog!', 'Igen', 'Nem', 'Igen', 'Ismeretlen', 'Nagyon sokat mozgó süni', 'Nem', '2023-04-23 11:58:49', '9905041215910623', 'Igen', '2023-04-27 08:09:12', 31),
('557303089725012513724092', 'Onyx', 'PAT', 'Nőstény', '2014-04-04 22:00:00', 'img/animal_pics/rat.png', 'Nem írt róla a gazdim, hogy mennyi a mozgásigényem.', 'Igen', 'Igen', 'Nincs', 'A gazdim még nem írta le milyen oltásokat kaptam.', 'A gazdimnak még nem volt ideje írnia rólam.', 'Nem', '2023-04-23 14:04:16', '684732964510844676220312', 'Igen', '2023-04-23 14:04:16', 9),
('564366746573859172099643', 'Laci', 'TEM', 'Egyéb', '0000-00-00 00:00:00', 'img/animal_pics/64859e24698ea1.53959782.png', 'Barlangban lakik', 'Ivartalanítva', 'Nem', 'Igen', 'Tűzoltás', '- 24 éves magyar csávó | 24 year old guy ????\r\n- ?Szoftverfejlesztő és tesztelő | Software developer and tester? ????\r\n- Gamer & fan of: Sonic and Ori.\r\n[Star Rail(701838262)]\r\n[Genshin(707032830)]', 'Nem', '2023-06-11 10:12:52', '349816043867679693189728', 'Igen', '2023-06-11 10:12:52', 123),
('568421258781388547195299', 'Ava', 'HAL', 'Hím', '2008-05-05 22:00:00', 'img/animal_pics/fish.png', 'Nem írt róla a gazdim, hogy mennyi a mozgásigényem.', 'Igen', 'Igen', 'Nincs', 'A gazdim még nem írta le milyen oltásokat kaptam.', 'A gazdimnak még nem volt ideje írnia rólam.', 'Nem', '2023-04-23 14:03:57', '937373097205205899504243', 'Igen', '2023-04-23 14:03:57', 14),
('570973219130642011077975', 'Winny', 'NYU', 'Nőstény', '2003-02-01 23:00:00', 'img/animal_pics/rabbit.png', 'Nem írt róla a gazdim, hogy mennyi a mozgásigényem.', 'Ivartalanítva', 'Nem', 'Nincs', 'A gazdim még nem írta le milyen oltásokat kaptam.', 'A gazdimnak még nem volt ideje írnia rólam.', 'Igen', '2023-04-23 14:04:24', '270805392783979792433626', 'Igen', '2023-04-23 14:04:24', 20),
('582706517363984714949267', 'Buster', 'TEK', 'Nőstény', '2019-05-12 22:00:00', 'img/animal_pics/turtle.png', 'Nem írt róla a gazdim, hogy mennyi a mozgásigényem.', 'Ivartalanítva', 'Igen', 'Igen', 'A gazdim még nem írta le milyen oltásokat kaptam.', 'A gazdimnak még nem volt ideje írnia rólam.', 'Nem', '2023-04-25 11:17:21', '580337869062699827789319', 'Nem', '2023-04-25 11:17:21', 3),
('594201145921385827188325', 'Daredevil', 'MAC', 'Hím', '2018-09-19 22:00:00', 'img/animal_pics/cat.png', 'Nem írt róla a gazdim, hogy mennyi a mozgásigényem.', 'Ivartalanítva', 'Nem', 'Nincs', 'A gazdim még nem írta le milyen oltásokat kaptam.', 'A gazdimnak még nem volt ideje írnia rólam.', 'Igen', '2023-04-25 11:17:16', '450374825242924201213002', 'Igen', '2023-04-25 11:17:16', 4),
('605583541223489219683704', 'Dana', 'KAM', 'Nőstény', '2013-03-16 23:00:00', 'img/animal_pics/chameleon.png', 'Nem írt róla a gazdim, hogy mennyi a mozgásigényem.', 'Igen', 'Nem', 'Igen', 'A gazdim még nem írta le milyen oltásokat kaptam.', 'A gazdimnak még nem volt ideje írnia rólam.', 'Nem', '2023-04-27 20:00:41', '477934568499225062990667', 'Nem', '2023-04-27 20:00:41', 10),
('614127735024692269080923', 'Misty', 'MEN', 'Hím', '2020-10-02 22:00:00', 'img/animal_pics/weasel.png', 'Nem írt róla a gazdim, hogy mennyi a mozgásigényem.', 'Ivartalanítva', 'Nem', 'Igen', 'A gazdim még nem írta le milyen oltásokat kaptam.', 'A gazdimnak még nem volt ideje írnia rólam.', 'Nem', '2023-04-23 14:04:28', '803176887439538609487926', 'Nem', '2023-04-23 14:04:28', 2),
('658355686176625503257984', 'Xander', 'TEK', 'Nőstény', '2020-01-03 23:00:00', 'img/animal_pics/turtle.png', 'Nem írt róla a gazdim, hogy mennyi a mozgásigényem.', 'Igen', 'Igen', 'Nincs', 'A gazdim még nem írta le milyen oltásokat kaptam.', 'A gazdimnak még nem volt ideje írnia rólam.', 'Nem', '2023-04-27 19:59:27', '282711332962107820035551', 'Igen', '2023-04-27 19:59:27', 3),
('668439248942159020036529', 'Chanel', 'EGE', 'Hím', '2008-05-14 22:00:00', 'img/animal_pics/mouse.png', 'Nem írt róla a gazdim, hogy mennyi a mozgásigényem.', 'Igen', 'Nem', 'Igen', 'A gazdim még nem írta le milyen oltásokat kaptam.', 'A gazdimnak még nem volt ideje írnia rólam.', 'Igen', '2023-04-23 14:03:52', '439648288492267572874795', 'Nem', '2023-04-23 14:03:52', 14),
('679862814345088801831080', 'Duke', 'PAT', 'Nőstény', '2002-08-14 22:00:00', 'img/animal_pics/rat.png', 'Nem írt róla a gazdim, hogy mennyi a mozgásigényem.', 'Ivartalanítva', 'Nem', 'Nincs', 'A gazdim még nem írta le milyen oltásokat kaptam.', 'A gazdimnak még nem volt ideje írnia rólam.', 'Igen', '2023-04-25 11:17:23', '988335092896111351541073', 'Igen', '2023-04-25 11:17:23', 20),
('705425595578526442963858', 'Ori', 'NYU', 'Hím', '2015-03-10 23:00:00', 'img/animal_pics/644955860fa241.38997115.png', 'Elég neki egy pici ketrec ahol mozoghat', 'Igen', 'Igen', 'Nincs', 'Ismeretlen', 'Családbarát', 'Nem', '2023-04-23 14:04:19', '9905041215910623', 'Nem', '2023-04-26 17:03:36', 8),
('710533630925934371141373', 'Betsy', 'KAN', 'Nőstény', '2015-08-19 22:00:00', 'img/animal_pics/canary.png', 'Nem írt róla a gazdim, hogy mennyi a mozgásigényem.', 'Igen', 'Nem', 'Igen', 'A gazdim még nem írta le milyen oltásokat kaptam.', 'A gazdimnak még nem volt ideje írnia rólam.', 'Nem', '2023-04-27 20:00:10', '651357581557564215389801', 'Igen', '2023-04-27 20:00:10', 7),
('730095506703687690534950', 'Malachite', 'SUN', 'Hím', '2006-07-17 22:00:00', 'img/animal_pics/hedgehog.png', 'Nem írt róla a gazdim, hogy mennyi a mozgásigényem.', 'Igen', 'Igen', 'Igen', 'A gazdim még nem írta le milyen oltásokat kaptam.', 'A gazdimnak még nem volt ideje írnia rólam.', 'Igen', '2023-04-27 19:59:39', '604147850478111316962084', 'Igen', '2023-04-27 19:59:39', 16),
('742826045899068648761713', 'Barney', 'PAT', 'Nőstény', '2013-06-16 22:00:00', 'img/animal_pics/rat.png', 'Nem írt róla a gazdim, hogy mennyi a mozgásigényem.', 'Igen', 'Nem', 'Nincs', 'A gazdim még nem írta le milyen oltásokat kaptam.', 'A gazdimnak még nem volt ideje írnia rólam.', 'Igen', '2023-04-25 11:17:18', '071663041554168406621259', 'Igen', '2023-04-25 11:17:18', 9),
('761032986694752219450627', 'Walter', 'PAT', 'Nőstény', '2006-08-11 22:00:00', 'img/animal_pics/rat.png', 'Nem írt róla a gazdim, hogy mennyi a mozgásigényem.', 'Igen', 'Igen', 'Igen', 'A gazdim még nem írta le milyen oltásokat kaptam.', 'A gazdimnak még nem volt ideje írnia rólam. Én vagyok a legcukibb kisegér a világon. Nagyon aranyos és kedves vagyok vegyél meg.', 'Nem', '2023-04-23 14:02:21', '219759408382706660364193', 'Igen', '2023-04-25 11:04:44', 16),
('780669250340215714344817', 'Agatha', 'NYU', 'Hím', '2015-10-27 23:00:00', 'img/animal_pics/rabbit.png', 'Nem írt róla a gazdim, hogy mennyi a mozgásigényem.', 'Ivartalanítva', 'Nem', 'Nincs', 'A gazdim még nem írta le milyen oltásokat kaptam.', 'A gazdimnak még nem volt ideje írnia rólam.', 'Nem', '2023-04-23 14:03:50', '797443148419614888953052', 'Nem', '2023-04-23 14:03:50', 7),
('786496052727730793620242', 'Vitani', 'KAM', 'Hím', '2017-03-24 23:00:00', 'img/animal_pics/chameleon.png', 'Nem írt róla a gazdim, hogy mennyi a mozgásigényem.', 'Igen', 'Nem', 'Nincs', 'A gazdim még nem írta le milyen oltásokat kaptam.', 'A gazdimnak még nem volt ideje írnia rólam.', 'Nem', '2023-04-23 14:04:03', '224457607423777018870421', 'Nem', '2023-04-23 14:04:03', 6),
('810973590828758847634980', 'Luna', 'KAM', 'HĂ­m', '2008-06-27 22:00:00', 'img/animal_pics/chameleon.png', 'Nem írt róla a gazdim, hogy mennyi a mozgásigényem.', 'IvartalanĂ­tva', 'Igen', 'Igen', 'A gazdim még nem írta le milyen oltásokat kaptam.', 'A gazdimnak még nem volt ideje írnia rólam.', 'Igen', '2023-04-24 13:08:55', '545046446691822626000183', 'Nem', '2023-04-24 13:08:55', 14),
('821918314784245326124662', 'Jani', 'EGE', 'Hím', '2023-04-19 22:00:00', 'img/animal_pics/644534af1b25a1.63534988.png', 'Elég neki egy pici ketrec ahol mozoghat', 'Igen', 'Igen', 'Igen', 'sdf', 'asd', 'Igen', '2023-04-23 13:25:16', '23131321', 'Nem', '2023-04-23 13:37:51', 0),
('827470846518263906620601', 'Bailey', 'KAM', 'Hím', '2017-02-12 23:00:00', 'img/animal_pics/chameleon.png', 'Nem írt róla a gazdim, hogy mennyi a mozgásigényem.', 'Igen', 'Igen', 'Nincs', 'A gazdim még nem írta le milyen oltásokat kaptam.', 'A gazdimnak még nem volt ideje írnia rólam.', 'Nem', '2023-04-25 11:17:42', '854193229718576411391057', 'Nem', '2023-04-25 11:17:42', 6),
('838840396161043371853555', 'Ash', 'KUT', 'Nőstény', '2002-11-24 23:00:00', 'img/animal_pics/dog.png', 'Nem írt róla a gazdim, hogy mennyi a mozgásigényem.', 'Igen', 'Nem', 'Nincs', 'A gazdim még nem írta le milyen oltásokat kaptam.', 'A gazdimnak még nem volt ideje írnia rólam.', 'Nem', '2023-04-23 14:04:08', '290401681003250157458768', 'Nem', '2023-04-23 14:04:08', 20),
('854078675860705632228121', 'Tessa', 'TEK', 'Hím', '2004-01-23 23:00:00', 'img/animal_pics/turtle.png', 'Nem írt róla a gazdim, hogy mennyi a mozgásigényem.', 'Igen', 'Nem', 'Igen', 'A gazdim még nem írta le milyen oltásokat kaptam.', 'A gazdimnak még nem volt ideje írnia rólam.', 'Igen', '2023-04-27 20:00:05', '497540532972684557022149', 'Igen', '2023-04-27 20:00:05', 19),
('885870902062775621338810', 'Crockett', 'MEN', 'Hím', '2017-01-11 23:00:00', 'img/animal_pics/weasel.png', 'Nem írt róla a gazdim, hogy mennyi a mozgásigényem.', 'Igen', 'Nem', 'Nincs', 'A gazdim még nem írta le milyen oltásokat kaptam.', 'A gazdimnak még nem volt ideje írnia rólam.', 'Igen', '2023-04-23 14:02:19', '742216861214362338553527', 'Nem', '2023-04-23 14:02:19', 6),
('887004365065376834465836', 'Dasher', 'EGE', 'Nőstény', '2014-01-25 23:00:00', 'img/animal_pics/mouse.png', 'Nem írt róla a gazdim, hogy mennyi a mozgásigényem.', 'Igen', 'Nem', 'Igen', 'A gazdim még nem írta le milyen oltásokat kaptam.', 'A gazdimnak még nem volt ideje írnia rólam.', 'Igen', '2023-04-23 14:04:18', '71923819283781', 'Nem', '2023-04-23 14:04:18', 9),
('902776554591535729318228', 'Milo', 'PAP', 'Hím', '2015-07-21 22:00:00', 'img/animal_pics/parrot.png', 'Nem írt róla a gazdim, hogy mennyi a mozgásigényem.', 'Igen', 'Igen', 'Nincs', 'A gazdim még nem írta le milyen oltásokat kaptam.', 'A gazdimnak még nem volt ideje írnia rólam.', 'Igen', '2023-04-23 14:03:53', '937373097205205899504243', 'Nem', '2023-04-23 14:03:53', 7),
('903897125726318648047530', 'Deacon', 'HAL', 'Hím', '2019-09-06 22:00:00', 'img/animal_pics/fish.png', 'Nem írt róla a gazdim, hogy mennyi a mozgásigényem.', 'Igen', 'Nem', 'Nincs', 'A gazdim még nem írta le milyen oltásokat kaptam.', 'A gazdimnak még nem volt ideje írnia rólam.', 'Igen', '2023-04-23 14:03:44', '282711332962107820035551', 'Nem', '2023-04-23 14:03:44', 3),
('904138672628586015865382', 'Caper', 'SUN', 'Nőstény', '2006-10-01 22:00:00', 'img/animal_pics/hedgehog.png', 'Nem írt róla a gazdim, hogy mennyi a mozgásigényem.', 'Ivartalanítva', 'Igen', 'Igen', 'A gazdim még nem írta le milyen oltásokat kaptam.', 'A gazdimnak még nem volt ideje írnia rólam.', 'Nem', '2023-04-25 11:17:25', '338005180061083789098803', 'Nem', '2023-04-25 11:17:25', 16),
('926131770262287626661642', 'Bobby', 'PAT', 'Hím', '2007-03-13 23:00:00', 'img/animal_pics/rat.png', 'Nem írt róla a gazdim, hogy mennyi a mozgásigényem.', 'Ivartalanítva', 'Igen', 'Igen', 'A gazdim még nem írta le milyen oltásokat kaptam.', 'A gazdimnak még nem volt ideje írnia rólam.', 'Igen', '2023-04-23 14:04:13', '235614640430515955599735', 'Igen', '2023-04-23 14:04:13', 16),
('934010920720274848018298', 'Ruby', 'HAL', 'Hím', '2023-08-15 22:00:00', 'img/animal_pics/fish.png', 'Nem írt róla a gazdim, hogy mennyi a mozgásigényem.', 'Igen', 'Nem', 'Nincs', 'A gazdim még nem írta le milyen oltásokat kaptam.', 'A gazdimnak még nem volt ideje írnia rólam.', 'Nem', '2023-04-23 14:04:00', '172361375315951097648488', 'Igen', '2023-04-23 14:04:00', 0),
('966141235947892558857762', 'Alex', 'EGE', 'Hím', '2009-12-02 23:00:00', 'img/animal_pics/mouse.png', 'Nem írt róla a gazdim, hogy mennyi a mozgásigényem.', 'Igen', 'Igen', 'Nincs', 'A gazdim még nem írta le milyen oltásokat kaptam.', 'A gazdimnak még nem volt ideje írnia rólam.', 'Igen', '2023-04-23 14:04:15', '477934568499225062990667', 'Nem', '2023-04-23 14:04:15', 13),
('979346483312055344697411', 'Louie', 'DEG', 'Nőstény', '2010-12-22 23:00:00', 'img/animal_pics/degu.png', 'Nem írt róla a gazdim, hogy mennyi a mozgásigényem.', 'Ivartalanítva', 'Igen', 'Igen', 'A gazdim még nem írta le milyen oltásokat kaptam.', 'A gazdimnak még nem volt ideje írnia rólam.', 'Nem', '2023-04-23 14:04:10', '925995056402373350602762', 'Nem', '2023-04-23 14:04:10', 12),
('992951524225597405507303', 'Milo', 'MAC', 'Nőstény', '2015-07-24 22:00:00', 'img/animal_pics/cat 1.png', 'Nem írt róla a gazdim, hogy mennyi a mozgásigényem.', 'Igen', 'Nem', 'Nincs', 'A gazdim még nem írta le milyen oltásokat kaptam.', 'A gazdimnak még nem volt ideje írnia rólam.', 'Nem', '2023-04-23 14:04:21', '462054780048004382521912', 'Igen', '2023-04-28 13:05:59', 7),
('995461097063651548759758', 'Nala', 'PAT', 'Hím', '2020-01-14 23:00:00', 'img/animal_pics/rat.png', 'Nem írt róla a gazdim, hogy mennyi a mozgásigényem.', 'Igen', 'Igen', 'Igen', 'A gazdim még nem írta le milyen oltásokat kaptam.', 'A gazdimnak még nem volt ideje írnia rólam.', 'Igen', '2023-04-25 11:17:39', '657409029825927137036651', 'Nem', '2023-04-25 11:17:39', 3),
('996486803321329209892939', 'CJ', 'DEG', 'Hím', '2018-10-31 23:00:00', 'img/animal_pics/degu.png', 'Nem írt róla a gazdim, hogy mennyi a mozgásigényem.', 'Ivartalanítva', 'Nem', 'Nincs', 'A gazdim még nem írta le milyen oltásokat kaptam.', 'A gazdimnak még nem volt ideje írnia rólam.', 'Igen', '2023-04-25 11:17:28', '621607645127928935970565', 'Nem', '2023-04-25 11:17:28', 4);

-- --------------------------------------------------------

--
-- Tábla szerkezet ehhez a táblához `animalspecies`
--

CREATE TABLE `animalspecies` (
  `ID` varchar(3) COLLATE utf8mb4_hungarian_ci NOT NULL,
  `Name` varchar(255) COLLATE utf8mb4_hungarian_ci NOT NULL
) ENGINE=InnoDB DEFAULT CHARSET=utf8mb4 COLLATE=utf8mb4_hungarian_ci;

--
-- A tábla adatainak kiíratása `animalspecies`
--

INSERT INTO `animalspecies` (`ID`, `Name`) VALUES
('DEG', 'Degu'),
('EGE', 'Egér'),
('HAL', 'Hal'),
('HOR', 'Hörcsög'),
('KAM', 'Kaméleon'),
('KAN', 'Kanári'),
('KIG', 'Kígyó'),
('KUT', 'Kutya'),
('LEG', 'Leguán'),
('MAC', 'Macska'),
('MEN', 'Menyét'),
('MOK', 'Mókus'),
('NYU', 'Nyúl'),
('PAP', 'Papagáj'),
('PAT', 'Patkány'),
('POK', 'Pók'),
('SUN', 'Sündisznó'),
('TEK', 'Teknős'),
('TEM', 'Tengerimalac'),
('TOD', 'Törpedisznó');

-- --------------------------------------------------------

--
-- Tábla szerkezet ehhez a táblához `bugreports`
--

CREATE TABLE `bugreports` (
  `ID` int(10) NOT NULL,
  `UserName` varchar(50) COLLATE utf8mb4_hungarian_ci NOT NULL,
  `Name` varchar(20) COLLATE utf8mb4_hungarian_ci NOT NULL,
  `Description` varchar(255) COLLATE utf8mb4_hungarian_ci NOT NULL,
  `CreatedAt` timestamp NOT NULL DEFAULT CURRENT_TIMESTAMP
) ENGINE=InnoDB DEFAULT CHARSET=utf8mb4 COLLATE=utf8mb4_hungarian_ci;

-- --------------------------------------------------------

--
-- Tábla szerkezet ehhez a táblához `roles`
--

CREATE TABLE `roles` (
  `ID` int(11) NOT NULL,
  `userID` varchar(25) COLLATE utf8mb4_hungarian_ci NOT NULL,
  `Title` varchar(255) COLLATE utf8mb4_hungarian_ci NOT NULL
) ENGINE=InnoDB DEFAULT CHARSET=utf8mb4 COLLATE=utf8mb4_hungarian_ci;

--
-- A tábla adatainak kiíratása `roles`
--

INSERT INTO `roles` (`ID`, `userID`, `Title`) VALUES
(18, '9905041215910623', 'admin'),
(21, '71923819283781', 'admin'),
(23, '23131321', 'admin'),
(27, '833527791445942839931427', 'admin'),
(28, '213646700009707330179598', 'admin'),
(29, '824300945851882209265816', 'admin'),
(30, '143040987565242906645252', 'admin'),
(33, '731482967550348850719935', 'admin');

-- --------------------------------------------------------

--
-- Tábla szerkezet ehhez a táblához `users`
--

CREATE TABLE `users` (
  `userID` varchar(25) COLLATE utf8mb4_hungarian_ci NOT NULL,
  `Name` varchar(50) COLLATE utf8mb4_hungarian_ci NOT NULL,
  `Email` varchar(255) COLLATE utf8mb4_hungarian_ci NOT NULL,
  `Password` varchar(255) COLLATE utf8mb4_hungarian_ci NOT NULL,
  `ActivationCode` varchar(255) COLLATE utf8mb4_hungarian_ci NOT NULL,
  `Activated` varchar(6) COLLATE utf8mb4_hungarian_ci NOT NULL,
  `Description` varchar(255) COLLATE utf8mb4_hungarian_ci NOT NULL DEFAULT 'Még nem írtam magamról! Amennyiben szimpatikusak az állatok amiket feltöltöttem és befogadnád őket kérlek írj nekem egy emailt!',
  `PhoneNumber` varchar(12) COLLATE utf8mb4_hungarian_ci NOT NULL,
  `ProfilePicture` varchar(255) COLLATE utf8mb4_hungarian_ci NOT NULL DEFAULT 'img/profile_pics/default.png',
  `Thumbnail` varchar(255) COLLATE utf8mb4_hungarian_ci NOT NULL DEFAULT 'img/thumbnail_pics/default.png',
  `CreatedAt` timestamp NOT NULL DEFAULT CURRENT_TIMESTAMP,
  `UpdatedAt` timestamp NOT NULL DEFAULT CURRENT_TIMESTAMP ON UPDATE CURRENT_TIMESTAMP
) ENGINE=InnoDB DEFAULT CHARSET=utf8mb4 COLLATE=utf8mb4_hungarian_ci;

--
-- A tábla adatainak kiíratása `users`
--

INSERT INTO `users` (`userID`, `Name`, `Email`, `Password`, `ActivationCode`, `Activated`, `Description`, `PhoneNumber`, `ProfilePicture`, `Thumbnail`, `CreatedAt`, `UpdatedAt`) VALUES
('026088507270004063862054', 'Naimah', 'naimah@earthlink.net', '$2y$10$zhuNQVKpqHVyAcoisWGh0udjY7Yb/tiqrSvaTGdQGhrZ8syXxr2rG', 'D1Gp7ESUvB', 'Aktív', 'Még nem írtam magamról! Amennyiben szimpatikusak az állatok amiket feltöltöttem és befogadnád őket kérlek írj nekem egy emailt!', '', 'img/profile_pics/guy 10.png', 'img/thumbnail_pics/default.png', '2023-04-22 21:52:38', '2023-04-22 21:52:38'),
('027889875941906602367343', 'Kenzley', 'kenzley@gishpuppy.com', '$2y$10$Hfr964QQzdNgPf7F.Kjlcu4W2eM/.hUDSrmYxaJVDG.SBLqGXcJf.', 'cqJPV7nOy2', 'Aktív', 'Még nem írtam magamról! Amennyiben szimpatikusak az állatok amiket feltöltöttem és befogadnád őket kérlek írj nekem egy emailt!', '', 'img/profile_pics/guy 9.png', 'img/thumbnail_pics/default.png', '2023-04-22 21:51:28', '2023-04-22 21:51:28'),
('041738478083163234355633', 'Judith', 'judith@mailcatch.com', '$2y$10$.QKhdrUQ3ud2q8D5tFFCF.iN2l4SmkOTT9yjRELIR21lyVsBgkpEq', 'txAhpedSJ8', 'Aktív', 'Még nem írtam magamról! Amennyiben szimpatikusak az állatok amiket feltöltöttem és befogadnád őket kérlek írj nekem egy emailt!', '', 'img/profile_pics/girl 9.png', 'img/thumbnail_pics/default.png', '2023-04-22 21:36:53', '2023-04-22 21:36:53'),
('055462292900247060570559', 'mittomén', 'laci@gmail.com', '', 'XxNsy8sF3I', 'Nincs', 'Még nem írtam magamról! Amennyiben szimpatikusak az állatok amiket feltöltöttem és befogadnád őket kérlek írj nekem egy emailt!', '', 'img/profile_pics/default.png', 'img/thumbnail_pics/default.png', '2023-04-29 14:32:25', '2023-04-29 14:32:25'),
('059433188233646778621360', 'Julia', 'julia@msn.com', '$2y$10$dKyQWl8vbkYzQevC9P7UqeQNPaqNKHCtOob9N3hKk9Wyrr0eMnnxu', 'HbKK992Vt3', 'Aktív', 'Még nem írtam magamról! Amennyiben szimpatikusak az állatok amiket feltöltöttem és befogadnád őket kérlek írj nekem egy emailt!', '', 'img/profile_pics/girl 5.png', 'img/thumbnail_pics/default.png', '2023-04-23 14:03:16', '2023-04-23 14:03:16'),
('060887740457981728676483', 'Hazel', 'hazel@gmail.com', '$2y$10$2SgpEEbX7BvwgLLohZYiWuKSTXXVN2FlBV9EPVt.n/lMN3rV2KAau', 'r67B68LIne', 'Aktív', 'Még nem írtam magamról! Amennyiben szimpatikusak az állatok amiket feltöltöttem és befogadnád őket kérlek írj nekem egy emailt!', '', 'img/profile_pics/default.png', 'img/thumbnail_pics/default.png', '2023-04-23 14:03:09', '2023-04-23 14:03:09'),
('071663041554168406621259', 'Janelly', 'janelly@mailexpire.com', '$2y$10$odmhNONdF.ffnbEgEOYdsexV3rgcfSuAYXDRui1PgOgc6d3e.PDvu', 'sI3jxGBKVH', 'Aktív', 'Még nem írtam magamról! Amennyiben szimpatikusak az állatok amiket feltöltöttem és befogadnád őket kérlek írj nekem egy emailt!', '', 'img/profile_pics/girl 1.png', 'img/thumbnail_pics/default.png', '2023-04-22 21:52:30', '2023-04-22 21:52:30'),
('078732833349597944595256', 'Marigold', 'marigold@spamfree24.com', '$2y$10$rG6sRJChKAhNRnWphxB8tuRq5RiyGIrfeHF0ASpyFreu27ZQmjJ7i', 'PVIFScmLxT', 'Aktív', 'Még nem írtam magamról! Amennyiben szimpatikusak az állatok amiket feltöltöttem és befogadnád őket kérlek írj nekem egy emailt!', '', 'img/profile_pics/girl 12.png', 'img/thumbnail_pics/default.png', '2023-04-23 14:03:26', '2023-04-23 14:03:26'),
('078960989079375343707305', 'vizsga', 'vlaki@gmail.com', '', '7efDCpKw0f', 'Nincs', 'Még nem írtam magamról! Amennyiben szimpatikusak az állatok amiket feltöltöttem és befogadnád őket kérlek írj nekem egy emailt!', '', 'img/profile_pics/default.png', 'img/thumbnail_pics/default.png', '2023-06-12 06:32:55', '2023-06-12 06:32:55'),
('085708036446056384164008', 'Szia', 'szia@gmail.com', '$2y$10$tRf7MEeZluFNbBXrhmHqY.kTqZXHaoXq9knT3dqz9Tt1j4SSdhKhm', 'jFdLTE4Wxw', 'Aktív', 'Heloszia', '06306457891', 'img/profile_pics/guy 1.png', 'img/thumbnail_pics/default.png', '2023-04-22 21:36:51', '2023-04-29 15:00:28'),
('097282695320138297634866', 'Suri', 'suri@mailexpire.com', '$2y$10$SjwiefTzADUX1VIajF/R.O.whvKfNdZ/Z61IT79au33yHFkiCMmkO', '3JsW3ysyfW', 'Aktív', 'Még nem írtam magamról! Amennyiben szimpatikusak az állatok amiket feltöltöttem és befogadnád őket kérlek írj nekem egy emailt!', '', 'img/profile_pics/guy 1.png', 'img/thumbnail_pics/default.png', '2023-04-22 21:36:46', '2023-04-22 21:36:46'),
('099929665934253849173824', 'Ameera', 'ameera@discard.email', '$2y$10$QwKX86qHJa.wRo4CjE/IzO1Dhaeoz2grAZUeqCH.AfdEdvS0nbhVu', 'rbZbNaaZTu', 'Aktív', 'Még nem írtam magamról! Amennyiben szimpatikusak az állatok amiket feltöltöttem és befogadnád őket kérlek írj nekem egy emailt!', '', 'img/profile_pics/guy 7.png', 'img/thumbnail_pics/default.png', '2023-04-22 21:52:14', '2023-04-22 21:52:14'),
('104552485511227381099792', 'Rivka', 'rivka@earthlink.net', '$2y$10$D9T4d7k7YZM3moOBPl3XzOHN2SKaDTt/4C8J/YoJsqxDY1qoGMlbS', 'aqChKrNkH5', 'Aktív', 'Még nem írtam magamról! Amennyiben szimpatikusak az állatok amiket feltöltöttem és befogadnád őket kérlek írj nekem egy emailt!', '', 'img/profile_pics/girl 12.png', 'img/thumbnail_pics/default.png', '2023-04-22 21:52:29', '2023-04-22 21:52:29'),
('120574690167101321608042', 'Alyvia', 'alyvia@spamex.com', '$2y$10$IDBAUH0h9fvAJdptP/2ul./VxC45HKIG7kmj71I/s1gk/ClVEEHaC', 'Qw2bUAYun0', 'Aktív', 'Még nem írtam magamról! Amennyiben szimpatikusak az állatok amiket feltöltöttem és befogadnád őket kérlek írj nekem egy emailt!', '', 'img/profile_pics/girl 5.png', 'img/thumbnail_pics/default.png', '2023-04-22 21:36:49', '2023-04-22 21:36:49'),
('123813084778101142680163', 'Bria', 'bria@tutanota.com', '$2y$10$A1wneL167t47GKoiUGtd.uva9VPbXq9b67Y1KF5Zzv8nAf0Auulwu', 'rVMXixcuTr', 'Aktív', 'Még nem írtam magamról! Amennyiben szimpatikusak az állatok amiket feltöltöttem és befogadnád őket kérlek írj nekem egy emailt!', '', 'img/profile_pics/default.png', 'img/thumbnail_pics/default.png', '2023-04-23 14:03:33', '2023-04-23 14:03:33'),
('124165980642136083936473', 'Katia', 'katia@tempomail.fr', '$2y$10$HcsjfOTVJZVcD5n02wjRVeBMiDHX4RSE/OzGSn1qlwg7LntdSGS0y', 'G2yV45fKi4', 'Aktív', 'Még nem írtam magamról! Amennyiben szimpatikusak az állatok amiket feltöltöttem és befogadnád őket kérlek írj nekem egy emailt!', '', 'img/profile_pics/guy 7.png', 'img/thumbnail_pics/default.png', '2023-04-23 14:02:47', '2023-04-23 14:02:47'),
('131304674505029754607392', 'Brielle', 'brielle@fastmail.com', '$2y$10$IBuXLk8easETJUEtzLdUL.H0BP9MnMWFSgQ9GnCBQsyNIt0aSR8OK', 'O8RaBDhNzb', 'Aktív', 'Még nem írtam magamról! Amennyiben szimpatikusak az állatok amiket feltöltöttem és befogadnád őket kérlek írj nekem egy emailt!', '', 'img/profile_pics/guy 3.png', 'img/thumbnail_pics/default.png', '2023-04-22 21:51:24', '2023-04-22 21:51:24'),
('139844425521448383924659', 'Jennifer', 'jennifer@btinternet.com', '$2y$10$fMuYBxqtDM6uGhOTLKEMf.Wno5Nnti2UQg5KktpN./mIa5tmiA1sO', 'ZYGvhPcbKk', 'Aktív', 'Még nem írtam magamról! Amennyiben szimpatikusak az állatok amiket feltöltöttem és befogadnád őket kérlek írj nekem egy emailt!', '', 'img/profile_pics/guy 4.png', 'img/thumbnail_pics/default.png', '2023-04-22 21:37:39', '2023-04-22 21:37:39'),
('143040987565242906645252', 'Hu Tao', 'gurekicune@gmail.com', '$2y$10$uRbV6UqYeK20jB04ndp6F.ZPuaVUmhNfpsL5MxIx/D9/Xl3pglPsm', 'K5GCq9Us4n', 'Aktív', 'Még nem írtam magamról! Amennyiben szimpatikusak az állatok amiket feltöltöttem és befogadnád őket kérlek írj nekem egy emailt!', '', 'img/profile_pics/644a5227e8b6f3.31663720.jpg', 'img/thumbnail_pics/default.png', '2023-04-27 10:43:05', '2023-04-27 10:44:55'),
('159526366176461149426086', 'Yana', 'yana@mailnesia.com', '$2y$10$4QAgU1.8FwzTwK7tC83jV.M4aruJaI2eudXpUsMWI7QAq1Om8pZna', 'GrdX6lPIGJ', 'Aktív', 'Még nem írtam magamról! Amennyiben szimpatikusak az állatok amiket feltöltöttem és befogadnád őket kérlek írj nekem egy emailt!', '', 'img/profile_pics/girl 2.png', 'img/thumbnail_pics/default.png', '2023-04-22 21:36:43', '2023-04-22 21:36:43'),
('172361375315951097648488', 'Reece', 'reece@sharklasers.com', '$2y$10$kLywJ.hXmRSYiDDDS5NrNO.t72MoPVWTc3X7.kZ3nlTu0fY4.BZu.', 'pHzkXF1h6c', 'Aktív', 'Még nem írtam magamról! Amennyiben szimpatikusak az állatok amiket feltöltöttem és befogadnád őket kérlek írj nekem egy emailt!', '', 'img/profile_pics/guy 3.png', 'img/thumbnail_pics/default.png', '2023-04-22 21:37:34', '2023-04-22 21:37:34'),
('183540611664079679771570', 'Ruby', 'ruby@spamavert.com', '$2y$10$IXFb5dP8WNufFRXGW/MBFe3py6jXqVwCvvdB030XU2soMYeSf8blu', '51BgxDx1CW', 'Aktív', 'Még nem írtam magamról! Amennyiben szimpatikusak az állatok amiket feltöltöttem és befogadnád őket kérlek írj nekem egy emailt!', '', 'img/profile_pics/guy 9.png', 'img/thumbnail_pics/default.png', '2023-04-23 14:02:50', '2023-04-23 14:02:50'),
('188333302651442146201736', 'Savannah', 'savannah@charter.net', '$2y$10$KKY2CIPif3C1JEYmO7rXU.s19HeVxF.A4Lgy4gjpx5LeJy3LUGKu6', 'cnQ75fdP7n', 'Aktív', 'Még nem írtam magamról! Amennyiben szimpatikusak az állatok amiket feltöltöttem és befogadnád őket kérlek írj nekem egy emailt!', '', 'img/profile_pics/guy 9.png', 'img/thumbnail_pics/default.png', '2023-04-22 21:36:56', '2023-04-22 21:36:56'),
('196757528299015883133435', 'Judy', 'judy@temporarily.de', '$2y$10$ggwxyt/mIcAV3o4tnJIiKepZ5EkNIG/Ej7N0ht8XAURb3oaRe3AP2', 'QxJ0r8NhI0', 'Aktív', 'Még nem írtam magamról! Amennyiben szimpatikusak az állatok amiket feltöltöttem és befogadnád őket kérlek írj nekem egy emailt!', '', 'img/profile_pics/girl 2.png', 'img/thumbnail_pics/default.png', '2023-04-22 21:52:42', '2023-04-22 21:52:42'),
('204343745723551445937897', 'Ayvah', 'ayvah@mytemp.email', '$2y$10$tcGB/tG9.99jxlG8/CXWf.Key5Xz35kOaDJunloPem50njTLZfBPa', 'bwZtCJFXiP', 'Aktív', 'Még nem írtam magamról! Amennyiben szimpatikusak az állatok amiket feltöltöttem és befogadnád őket kérlek írj nekem egy emailt!', '', 'img/profile_pics/guy 2.png', 'img/thumbnail_pics/default.png', '2023-04-22 21:52:17', '2023-04-22 21:52:17'),
('211407141882185707081230', 'Kailyn', 'kailyn@spambox.us', '$2y$10$yytwoGYrajl7PMyDX5NE8uG.N6cP7uIhlugphT5Vl1vTXpWBI25wG', 'O9co4v3L3i', 'Aktív', 'Még nem írtam magamról! Amennyiben szimpatikusak az állatok amiket feltöltöttem és befogadnád őket kérlek írj nekem egy emailt!', '', 'img/profile_pics/guy 9.png', 'img/thumbnail_pics/default.png', '2023-04-22 21:51:35', '2023-04-22 21:51:35'),
('213646700009707330179598', 'Bandesz', 'swatcamperhu@gmail.com', '$2y$10$qvzfPsihOUT7GYhTbfpcVubvzK4YMoPyRAX6GIUeAyQb6MnsHp7kS', 'TOBEnq95jJ', 'Aktív', 'Admin vagyok, lehet pitizni rangért! :>', '+36206153236', 'img/profile_pics/644a348a42fd08.39423934.jpg', 'img/profile_pics/644a33424362b0.21787932.jpg', '2023-04-27 08:26:02', '2023-04-27 08:38:34'),
('219759408382706660364193', 'Sammie', 'sammie@tempmail.net', '$2y$10$6XsqyrsC01GkfZlfmWIPWeplDDeJjFhm4XAoMiH9B.yLuqg9Kfppq', '9Bvar8PxYF', 'Aktív', 'Még nem írtam magamról! Amennyiben szimpatikusak az állatok amiket feltöltöttem és befogadnád őket kérlek írj nekem egy emailt!', '', 'img/profile_pics/guy 6.png', 'img/thumbnail_pics/default.png', '2023-04-22 21:37:25', '2023-04-22 21:37:25'),
('224457607423777018870421', 'Addyson', 'addyson@fakeinbox.com', '$2y$10$FH44uZdQeW0zKgl0zQ8gRexAT0P44OT3wbZ675qoB7/BAtvyDCQhq', '3dyQMt1Ma2', 'Aktív', 'Még nem írtam magamról! Amennyiben szimpatikusak az állatok amiket feltöltöttem és befogadnád őket kérlek írj nekem egy emailt!', '', 'img/profile_pics/guy 3.png', 'img/thumbnail_pics/default.png', '2023-04-23 14:03:12', '2023-04-23 14:03:12'),
('225592531278727820739274', 'Raylee', 'raylee@tempinbox.com', '$2y$10$zGjz8AcVKxMMRKCV4BX5Ae85MmC.obVdyOPkNyhSalbVnLKuCq1Ji', 'mrcP74WUAm', 'Aktív', 'Még nem írtam magamról! Amennyiben szimpatikusak az állatok amiket feltöltöttem és befogadnád őket kérlek írj nekem egy emailt!', '', 'img/profile_pics/guy 8.png', 'img/thumbnail_pics/default.png', '2023-04-22 21:52:12', '2023-04-22 21:52:12'),
('23131321', 'tesztecske69', 'lacika9994@gmail.com', '$2y$10$AgnQ8HglQE9DNtvL2DDAPu/iNo35Hs07gG4PTMxEGIjruGkWFqUMy', 'asdads', 'Aktív', 'asdasd', '06696969696', 'img/profile_pics/default.png', 'img/thumbnail_pics/default.png', '2023-04-22 14:11:52', '2023-04-22 14:29:03'),
('235186288597794946142807', 'Rowen', 'rowen@msn.com', '$2y$10$4/A1J7JdIl.hjtPK0P7qMecg.Qr1gXdx3HHnCr7qXLuG8kQatlfru', 'tV3V0xzCnD', 'Aktív', 'Még nem írtam magamról! Amennyiben szimpatikusak az állatok amiket feltöltöttem és befogadnád őket kérlek írj nekem egy emailt!', '', 'img/profile_pics/guy 4.png', 'img/thumbnail_pics/default.png', '2023-04-23 14:03:15', '2023-04-23 14:03:15'),
('235614640430515955599735', 'Jazlene', 'jazlene@telus.net', '$2y$10$Y5MiaXNSIHZ3ANwWKEE44.z5aZVtQJ5rhynL0r6t60hsDUp7zmxm6', 'VGfJlDLMQM', 'Aktív', 'Még nem írtam magamról! Amennyiben szimpatikusak az állatok amiket feltöltöttem és befogadnád őket kérlek írj nekem egy emailt!', '', 'img/profile_pics/guy 2.png', 'img/thumbnail_pics/default.png', '2023-04-22 21:52:24', '2023-04-22 21:52:24'),
('240001377709512960161494', 'Jenny', 'jenny@grr.la', '$2y$10$scut57g6tGd5slxkYMSY4eDgvNgmpYYM/ZN8Av.loWgzM6XW3eue2', 'ABJxpHTvyl', 'Aktív', 'Még nem írtam magamról! Amennyiben szimpatikusak az állatok amiket feltöltöttem és befogadnád őket kérlek írj nekem egy emailt!', '', 'img/profile_pics/girl 11.png', 'img/thumbnail_pics/default.png', '2023-04-23 14:03:00', '2023-04-23 14:03:00'),
('250177043824957309521023', 'Taliyah', 'taliyah@tempmail.org', '$2y$10$32DVTjSt4Pxazk1j120VFOtVeycOD25wwD1Akh8fGqVTeNBGm.mJK', 'gI3bF3w5ek', 'Aktív', 'Még nem írtam magamról! Amennyiben szimpatikusak az állatok amiket feltöltöttem és befogadnád őket kérlek írj nekem egy emailt!', '', 'img/profile_pics/girl 2.png', 'img/thumbnail_pics/default.png', '2023-04-22 21:51:27', '2023-04-22 21:51:27'),
('261948496397360416363725', 'Kiera', 'kiera@sky.com', '$2y$10$kMvpK7Hg01ljQhOeg9h73O/VApbRytts3aTYCQXEBLLEAej0.VQ4m', '0IZWI2QLOW', 'Aktív', 'Még nem írtam magamról! Amennyiben szimpatikusak az állatok amiket feltöltöttem és befogadnád őket kérlek írj nekem egy emailt!', '', 'img/profile_pics/guy 9.png', 'img/thumbnail_pics/default.png', '2023-04-23 14:03:05', '2023-04-23 14:03:05'),
('264482430116531490268896', 'Willow', 'willow@mailinator.net', '$2y$10$m1ke.5JXo3UAJ3ymWVYdc.i9/hc/ENdckGS1VjjqCkkIl9trYhFVa', 'tNRXDl1USn', 'Aktív', 'Még nem írtam magamról! Amennyiben szimpatikusak az állatok amiket feltöltöttem és befogadnád őket kérlek írj nekem egy emailt!', '', 'img/profile_pics/guy 2.png', 'img/thumbnail_pics/default.png', '2023-04-22 21:52:21', '2023-04-22 21:52:21'),
('270805392783979792433626', 'Zariyah', 'zariyah@lavabit.com', '$2y$10$rhJ.gQiX3QYx..8bYBJoGepWnNHhaB0xLISg5sTKGYkJSDdr6q8nK', 'QHzONh53xL', 'Aktív', 'Még nem írtam magamról! Amennyiben szimpatikusak az állatok amiket feltöltöttem és befogadnád őket kérlek írj nekem egy emailt!', '', 'img/profile_pics/guy 4.png', 'img/thumbnail_pics/default.png', '2023-04-22 21:37:38', '2023-04-22 21:37:38'),
('272411084620035579874686', 'Karmen', 'karmen@spamgourmet.info', '$2y$10$351YjRGCpJDmTA9aZj4VJulrITsDZLqSFwDkWIk6MjegFd14EZxpS', 'adZANG5aPK', 'Aktív', 'Még nem írtam magamról! Amennyiben szimpatikusak az állatok amiket feltöltöttem és befogadnád őket kérlek írj nekem egy emailt!', '', 'img/profile_pics/guy 10.png', 'img/thumbnail_pics/default.png', '2023-04-22 21:51:12', '2023-04-22 21:51:12'),
('279907287605001868434030', 'Carley', 'carley@tempo-mail.com', '$2y$10$qz4YuBTrT9DMZV8ZhWY9c.qvzJ4DmeGzYRwNc/u2rSJ4MjHe1E3Ee', 'YVQAYMM262', 'Aktív', 'Még nem írtam magamról! Amennyiben szimpatikusak az állatok amiket feltöltöttem és befogadnád őket kérlek írj nekem egy emailt!', '', 'img/profile_pics/girl 1.png', 'img/thumbnail_pics/default.png', '2023-04-23 14:02:54', '2023-04-23 14:02:54'),
('281693062264914320425694', 'Jovie', 'jovie@bouncr.com', '$2y$10$b.tkDx.Xq4jsSxi8ZbVMqekwlApzU/o5A3Db2f68VcBhBPSKHzaua', '6CRz4OmJbx', 'Aktív', 'Még nem írtam magamról! Amennyiben szimpatikusak az állatok amiket feltöltöttem és befogadnád őket kérlek írj nekem egy emailt!', '', 'img/profile_pics/girl 6.png', 'img/thumbnail_pics/default.png', '2023-04-23 14:02:55', '2023-04-23 14:02:55'),
('282711332962107820035551', 'Amani', 'amani@mailexpire.com', '$2y$10$K2nUBKt/IIgzQvdGI.Uv5.QDx3qx2c1624Kg8bKnzL/IQXVoKiaCy', 'Qx5Ckqlnd6', 'Aktív', 'Még nem írtam magamról! Amennyiben szimpatikusak az állatok amiket feltöltöttem és befogadnád őket kérlek írj nekem egy emailt!', '', 'img/profile_pics/guy 3.png', 'img/thumbnail_pics/default.png', '2023-04-22 21:37:27', '2023-04-22 21:37:27'),
('286476457153009822886537', 'Alaina', 'alaina@netzero.net', '$2y$10$n9RpiHB39DnXTyWHWWEz0Os3Ig8nTuTYAUB17gn0fbk1XEcyQza.m', 'PVR3zk4FaY', 'Aktív', 'Még nem írtam magamról! Amennyiben szimpatikusak az állatok amiket feltöltöttem és befogadnád őket kérlek írj nekem egy emailt!', '', 'img/profile_pics/girl 1.png', 'img/thumbnail_pics/default.png', '2023-04-23 14:03:24', '2023-04-23 14:03:24'),
('290401681003250157458768', 'Claire', 'claire@10minutemail.com', '$2y$10$lMULlFWkKdWK3FcQD4FDdO.F22sQLmv9fdmGaompyQ7Hq0U/yiXwW', 'Auoh2P8mUT', 'Aktív', 'Még nem írtam magamról! Amennyiben szimpatikusak az állatok amiket feltöltöttem és befogadnád őket kérlek írj nekem egy emailt!', '', 'img/profile_pics/girl 5.png', 'img/thumbnail_pics/default.png', '2023-04-23 14:03:23', '2023-04-23 14:03:23'),
('292818400541973889712150', 'Anna', 'anna@zoho.com', '$2y$10$ckLSk2XViqGK./yhf6rAY.HFFY77ODJjTczoU/BePcup3h5N9ANMW', 'Aby4z5fEWD', 'Aktív', 'Még nem írtam magamról! Amennyiben szimpatikusak az állatok amiket feltöltöttem és befogadnád őket kérlek írj nekem egy emailt!', '', 'img/profile_pics/default.png', 'img/thumbnail_pics/default.png', '2023-04-22 21:37:28', '2023-04-22 21:37:28'),
('298220536812403646556209', 'Della', 'della@spamgourmet.org', '$2y$10$hOn3VABHb8RW8I2.UjHWxOP18lH2tWnMzLQugZL7btzXc1TVZJBX2', 'Jiy0u0NyXf', 'Aktív', 'Még nem írtam magamról! Amennyiben szimpatikusak az állatok amiket feltöltöttem és befogadnád őket kérlek írj nekem egy emailt!', '', 'img/profile_pics/default.png', 'img/thumbnail_pics/default.png', '2023-04-22 21:51:42', '2023-04-22 21:51:42'),
('305022956255470446473997', 'Sofie', 'sofie@mail.com', '$2y$10$GeUNjrgluUvjTODD38FyzOHgnr3jq1KAinu/Lsyu2pTfMzEejIaly', 'BdIaBWoZlD', 'Aktív', 'Még nem írtam magamról! Amennyiben szimpatikusak az állatok amiket feltöltöttem és befogadnád őket kérlek írj nekem egy emailt!', '', 'img/profile_pics/girl 9.png', 'img/thumbnail_pics/default.png', '2023-04-22 21:51:32', '2023-04-22 21:51:32'),
('305389772906990206362149', 'Lorelei', 'lorelei@lavabit.com', '$2y$10$Ze2AcNbnILn8N7qVLHKTGeErQ6wJJdOUfpIJ7T.BWiKWlcYf69doO', 'PYjS4DqHDL', 'Aktív', 'Még nem írtam magamról! Amennyiben szimpatikusak az állatok amiket feltöltöttem és befogadnád őket kérlek írj nekem egy emailt!', '', 'img/profile_pics/guy 5.png', 'img/thumbnail_pics/default.png', '2023-04-22 21:52:28', '2023-04-22 21:52:28'),
('305867591285767541782396', 'Rivka', 'rivka@bellsouth.net', '$2y$10$wvOsQNPX9.a92FPMrk1spOgVvG4k0j/9CUXHqDP5Z6tT/eYrfgmmG', '83IspcIKsM', 'Aktív', 'Még nem írtam magamról! Amennyiben szimpatikusak az állatok amiket feltöltöttem és befogadnád őket kérlek írj nekem egy emailt!', '', 'img/profile_pics/girl 10.png', 'img/thumbnail_pics/default.png', '2023-04-22 21:52:08', '2023-04-22 21:52:08'),
('314102782000644679111777', 'Addalyn', 'addalyn@zippymail.info', '$2y$10$9Mgg75A2tXGL7wVHSb1HrOJcAzesu9vvChuCmSHuVJLD/d12coNZm', 'KGVtIKesxx', 'Aktív', 'Még nem írtam magamról! Amennyiben szimpatikusak az állatok amiket feltöltöttem és befogadnád őket kérlek írj nekem egy emailt!', '', 'img/profile_pics/guy 8.png', 'img/thumbnail_pics/default.png', '2023-04-22 21:51:31', '2023-04-22 21:51:31'),
('324746465463151327725543', 'fokawi', 'fokawi4414@in2reach.com', '', 'pN3Zq1Z0Zi', 'Nincs', 'Még nem írtam magamról! Amennyiben szimpatikusak az állatok amiket feltöltöttem és befogadnád őket kérlek írj nekem egy emailt!', '', 'img/profile_pics/default.png', 'img/thumbnail_pics/default.png', '2023-04-26 10:47:53', '2023-04-26 10:47:53'),
('330356942514899048792864', 'Piper', 'piper@mailinator.us', '$2y$10$m8mMwr0oU.7gDYnwG94eueUApVEBgXFDFfgeSKWJe1RX8O2i0CzHC', '9fhnU9H9LZ', 'Aktív', 'Még nem írtam magamról! Amennyiben szimpatikusak az állatok amiket feltöltöttem és befogadnád őket kérlek írj nekem egy emailt!', '', 'img/profile_pics/girl 8.png', 'img/thumbnail_pics/default.png', '2023-04-22 21:52:07', '2023-04-22 21:52:07'),
('338005180061083789098803', 'Maliah', 'maliah@talktalk.net', '$2y$10$y9n/BHG2l1BYcqEzWPs1g.S5PlXgACIiQNOC3oQ.FcT1V4CA8KBuq', 'm68N0V2LhU', 'Aktív', 'Még nem írtam magamról! Amennyiben szimpatikusak az állatok amiket feltöltöttem és befogadnád őket kérlek írj nekem egy emailt!', '', 'img/profile_pics/girl 8.png', 'img/thumbnail_pics/default.png', '2023-04-23 14:03:35', '2023-04-23 14:03:35'),
('341048396735619970478038', 'Bailey', 'bailey@guerrillamail.com', '$2y$10$JVOj8VGbSzfGT9zBvUZC2OB.KBZlPMgopQlUTOLiuA3TJcH6nmaoq', 'QliNIih13o', 'Aktív', 'Még nem írtam magamról! Amennyiben szimpatikusak az állatok amiket feltöltöttem és befogadnád őket kérlek írj nekem egy emailt!', '', 'img/profile_pics/guy 2.png', 'img/thumbnail_pics/default.png', '2023-04-22 21:52:40', '2023-04-22 21:52:40'),
('343986360512121301980549', 'Ivana', 'ivana@live.com', '$2y$10$4F5cS4ujm6nL4/7lwDnOYOQnQFeULwayMVec58TEDKrLQRdbVY6Ka', '6jNgFR0IHl', 'Aktív', 'Még nem írtam magamról! Amennyiben szimpatikusak az állatok amiket feltöltöttem és befogadnád őket kérlek írj nekem egy emailt!', '', 'img/profile_pics/girl 8.png', 'img/thumbnail_pics/default.png', '2023-04-22 21:51:18', '2023-04-22 21:51:18'),
('349816043867679693189728', 'Tibi2000', 'biciba1447@peogi.com', '$2y$10$g7oJSF0m4BftFNcM86MnIeMNNw.JKQjbR0mSJnPCBzsaLruo5rD9W', 'zaHQyD0aZi', 'Aktív', 'Szeretem a kakasokat', '+36303737946', 'img/profile_pics/default.png', 'img/thumbnail_pics/default.png', '2023-06-11 10:05:04', '2023-06-11 10:07:45'),
('354545174638913515984551', 'Perla', 'perla@sharklasers.com', '$2y$10$aCrr/9CZM8MVhEcBa6SX/OJEXash5xxMYeuGHBm8ePfiTfJd2s7km', 'XRhXF2qIBr', 'Aktív', 'Még nem írtam magamról! Amennyiben szimpatikusak az állatok amiket feltöltöttem és befogadnád őket kérlek írj nekem egy emailt!', '', 'img/profile_pics/guy 6.png', 'img/thumbnail_pics/default.png', '2023-04-22 21:52:15', '2023-04-22 21:52:15'),
('355021185079677754250385', 'bivogat625', 'bivogat625@in2reach.com', '', 'Ti3msdmPeH', 'Nincs', 'Még nem írtam magamról! Amennyiben szimpatikusak az állatok amiket feltöltöttem és befogadnád őket kérlek írj nekem egy emailt!', '', 'img/profile_pics/default.png', 'img/thumbnail_pics/default.png', '2023-04-26 10:41:42', '2023-04-26 10:41:42'),
('357719272699138150581035', 'Viola', 'viola@spambog.com', '$2y$10$R4efrUcqnEWPHX3nGJFnTOjuJQX9.Sv.Y2ixepu7Aq9mWUs/87ET6', 'C8spaZ3APZ', 'Aktív', 'Még nem írtam magamról! Amennyiben szimpatikusak az állatok amiket feltöltöttem és befogadnád őket kérlek írj nekem egy emailt!', '', 'img/profile_pics/guy 1.png', 'img/thumbnail_pics/default.png', '2023-04-22 21:36:47', '2023-04-22 21:36:47'),
('368708029510476279789461', 'Emma', 'emma@spamfree24.net', '$2y$10$BumeqZHT4RRXag4TqzjLUui90CF/0BZ844ECgmf2PuxFCbVcrYGt.', 'OkPXJpmbqP', 'Aktív', 'Még nem írtam magamról! Amennyiben szimpatikusak az állatok amiket feltöltöttem és befogadnád őket kérlek írj nekem egy emailt!', '', 'img/profile_pics/girl 2.png', 'img/thumbnail_pics/default.png', '2023-04-22 21:52:01', '2023-04-22 21:52:01'),
('385059313266511838375905', 'Mikayla', 'mikayla@spamgourmet.info', '$2y$10$s1IdsapIDLPZ4uP934167O5JvYRYFKy3UV2801OZTDxdghl1dRfem', '7i5adEHhXC', 'Aktív', 'Még nem írtam magamról! Amennyiben szimpatikusak az állatok amiket feltöltöttem és befogadnád őket kérlek írj nekem egy emailt!', '', 'img/profile_pics/default.png', 'img/thumbnail_pics/default.png', '2023-04-22 21:37:33', '2023-04-22 21:37:33'),
('388562196449022726248909', 'Honesty', 'honesty@mail.ru', '$2y$10$JxEYT8i/m0Tn6pf4IyprXuDBRUYrwLial8lYE6rzBvbz46Pur3cy.', '0ypEOpijJb', 'Aktív', 'Még nem írtam magamról! Amennyiben szimpatikusak az állatok amiket feltöltöttem és befogadnád őket kérlek írj nekem egy emailt!', '', 'img/profile_pics/girl 11.png', 'img/thumbnail_pics/default.png', '2023-04-22 21:52:39', '2023-04-22 21:52:39'),
('394026305551943454139293', 'asdasd', 'asd@gmas.com', '', 'oc6eZWTV10', 'Nincs', 'Még nem írtam magamról! Amennyiben szimpatikusak az állatok amiket feltöltöttem és befogadnád őket kérlek írj nekem egy emailt!', '', 'img/profile_pics/default.png', 'img/thumbnail_pics/default.png', '2023-04-26 20:08:58', '2023-04-26 20:08:58'),
('403196969761456007178541', 'jowilip', 'jowilip845@meidecn.com', '', 'C26Ff9MYbC', 'Nincs', 'Még nem írtam magamról! Amennyiben szimpatikusak az állatok amiket feltöltöttem és befogadnád őket kérlek írj nekem egy emailt!', '', 'img/profile_pics/default.png', 'img/thumbnail_pics/default.png', '2023-04-24 17:30:20', '2023-04-24 17:30:20'),
('413549875418372054844292', 'Ayvah', 'ayvah@spamhole.com', '$2y$10$zbRm52id8UdOV5cgMAgaqek3c9cP96dojEpXl3J2VZuU5IEUwhjTC', '6fyuvnxoZU', 'Aktív', 'Még nem írtam magamról! Amennyiben szimpatikusak az állatok amiket feltöltöttem és befogadnád őket kérlek írj nekem egy emailt!', '', 'img/profile_pics/girl 6.png', 'img/thumbnail_pics/default.png', '2023-04-22 21:51:26', '2023-04-22 21:51:26'),
('428902404592935502078217', 'Vada', 'vada@discard.email', '$2y$10$0wFLacHT9EGGU0i0J875nOGWEyzWO4sjKB/uYQ767TzMZd.TuxSoy', 'E8PXPWmwbo', 'Aktív', 'Még nem írtam magamról! Amennyiben szimpatikusak az állatok amiket feltöltöttem és befogadnád őket kérlek írj nekem egy emailt!', '', 'img/profile_pics/girl 5.png', 'img/thumbnail_pics/default.png', '2023-04-23 14:03:10', '2023-04-23 14:03:10'),
('430185145105241257767979', 'Livia', 'livia@spamgourmet.com', '$2y$10$2U85OscmxlMUyWGH/aNs8.LW4NkgefzknaTzDy2x3YjxZkz/G6.UK', '8SR3JT8seP', 'Aktív', 'Még nem írtam magamról! Amennyiben szimpatikusak az állatok amiket feltöltöttem és befogadnád őket kérlek írj nekem egy emailt!', '', 'img/profile_pics/girl 2.png', 'img/thumbnail_pics/default.png', '2023-04-22 21:51:17', '2023-04-22 21:51:17'),
('439648288492267572874795', 'Katherine', 'katherine@throwawaymail.com', '$2y$10$O.3jOSuSphvrTVpFhL.w1O4Rzv5CU4dLATHwXYvmrvEZD/nNLS95m', '94g0eXUa5S', 'Aktív', 'Még nem írtam magamról! Amennyiben szimpatikusak az állatok amiket feltöltöttem és befogadnád őket kérlek írj nekem egy emailt!', '', 'img/profile_pics/girl 8.png', 'img/thumbnail_pics/default.png', '2023-04-22 21:52:22', '2023-04-22 21:52:22'),
('439677702573329875352122', 'Eliza', 'eliza@spambog.com', '$2y$10$GaLOaJRHjb.GKk.SFjuhTOYir/IXJikWNekriCd96HV1gzzN3uD3q', 'bu3jcHsBpE', 'Aktív', 'Még nem írtam magamról! Amennyiben szimpatikusak az állatok amiket feltöltöttem és befogadnád őket kérlek írj nekem egy emailt!', '', 'img/profile_pics/girl 11.png', 'img/thumbnail_pics/default.png', '2023-04-22 21:51:44', '2023-04-22 21:51:44'),
('442453095155104983774405', 'Margo', 'margo@tempinbox.com', '$2y$10$vmbwBpMFvDoGHOWoJEIyQeGcHfJ95/w/AJPxAXnoAqfJdY/DwihQu', 'zb7d8FyFuh', 'Aktív', 'Még nem írtam magamról! Amennyiben szimpatikusak az állatok amiket feltöltöttem és befogadnád őket kérlek írj nekem egy emailt!', '', 'img/profile_pics/girl 9.png', 'img/thumbnail_pics/default.png', '2023-04-22 21:51:10', '2023-04-22 21:51:10'),
('450374825242924201213002', 'Stella', 'stella@charter.net', '$2y$10$EXYaDaMP.SCfXVA7ZoACXeH7icL/gttOi8Szp9/R/8WtE45oPd8Pm', '6k0ZyNDNAb', 'Aktív', 'Még nem írtam magamról! Amennyiben szimpatikusak az állatok amiket feltöltöttem és befogadnád őket kérlek írj nekem egy emailt!', '', 'img/profile_pics/default.png', 'img/thumbnail_pics/default.png', '2023-04-23 14:03:27', '2023-04-23 14:03:27'),
('462054780048004382521912', 'Joslynn', 'joslynn@spam4.me', '$2y$10$xgxvcMt47Gh9DlYzhf.1WuvwpCCuYbn7jli4/HK4bbuBA8Pvn42AS', 'QQdxK3qh1E', 'Aktív', 'Még nem írtam magamról! Amennyiben szimpatikusak az állatok amiket feltöltöttem és befogadnád őket kérlek írj nekem egy emailt!', '', 'img/profile_pics/guy 7.png', 'img/thumbnail_pics/default.png', '2023-04-22 21:37:32', '2023-04-22 21:37:32'),
('468969646510437439731839', 'Ayla', 'ayla@spam4.me', '$2y$10$mcK7swUDTk6N23N03egXVeV78OvkNVGp4yzBEv4C05wkEahf0eGG2', '1PCgBCU2i9', 'Aktív', 'Még nem írtam magamról! Amennyiben szimpatikusak az állatok amiket feltöltöttem és befogadnád őket kérlek írj nekem egy emailt!', '', 'img/profile_pics/guy 12.png', 'img/thumbnail_pics/default.png', '2023-04-22 21:51:22', '2023-04-22 21:51:22'),
('468983462345306493835149', 'Vida', 'vida@spamfighter.cf', '$2y$10$EjorgdUjppdTZsnLHRu0jeX3rlui92x1EbAh1sHuuCISVcfQ/Srp2', 'I8UyxPpgwE', 'Aktív', 'Még nem írtam magamról! Amennyiben szimpatikusak az állatok amiket feltöltöttem és befogadnád őket kérlek írj nekem egy emailt!', '', 'img/profile_pics/girl 2.png', 'img/thumbnail_pics/default.png', '2023-04-22 21:51:29', '2023-04-22 21:51:29'),
('469242302149208117562436', 'Leyla', 'leyla@tutanota.com', '$2y$10$yHd9KsCY3k0hJpwOnZ/cxO.DzxxyRrjtKjgSdwbQyPzDHJb.Hw7iG', 'C2FqaWBptZ', 'Aktív', 'Még nem írtam magamról! Amennyiben szimpatikusak az állatok amiket feltöltöttem és befogadnád őket kérlek írj nekem egy emailt!', '', 'img/profile_pics/girl 6.png', 'img/thumbnail_pics/default.png', '2023-04-22 21:52:36', '2023-04-22 21:52:36'),
('470786356673109544545197', 'Azalea', 'azalea@att.net', '$2y$10$aE2fKvG5XRyPWKHvVWrN.u/RA5CSoKg84vXmfI3JQQhqGq4Y9lf9i', 'Xmo9nIstSY', 'Aktív', 'Még nem írtam magamról! Amennyiben szimpatikusak az állatok amiket feltöltöttem és befogadnád őket kérlek írj nekem egy emailt!', '', 'img/profile_pics/guy 6.png', 'img/thumbnail_pics/default.png', '2023-04-22 21:51:53', '2023-04-22 21:51:53'),
('473777710278984267264058', 'Mary', 'mary@tempmail.de', '$2y$10$M7LagqN46TPJT2a5FPoxSupOUN8dtWqlPS1Z9qYLgg5IaR3kUlrli', 'iizmk8jcnN', 'Aktív', 'Még nem írtam magamról! Amennyiben szimpatikusak az állatok amiket feltöltöttem és befogadnád őket kérlek írj nekem egy emailt!', '', 'img/profile_pics/guy 8.png', 'img/thumbnail_pics/default.png', '2023-04-22 21:52:18', '2023-04-22 21:52:18'),
('477428520906537813277462', 'asde', 'asde@gmas.com', '', 'szjquEnAL1', 'Nincs', 'Még nem írtam magamról! Amennyiben szimpatikusak az állatok amiket feltöltöttem és befogadnád őket kérlek írj nekem egy emailt!', '', 'img/profile_pics/default.png', 'img/thumbnail_pics/default.png', '2023-04-26 20:10:48', '2023-04-26 20:10:48'),
('477934568499225062990667', 'Jazlene', 'jazlene@mytrashmailer.com', '$2y$10$zEBO97Tk1F9LwsED9JxpduqDs78qKseS3onSYo3WLiuuoYUDi19o6', 'erDQc64Dyl', 'Aktív', 'Még nem írtam magamról! Amennyiben szimpatikusak az állatok amiket feltöltöttem és befogadnád őket kérlek írj nekem egy emailt!', '', 'img/profile_pics/guy 1.png', 'img/thumbnail_pics/default.png', '2023-04-22 21:36:52', '2023-04-22 21:36:52'),
('497540532972684557022149', 'Kimora', 'kimora@spam4.me', '$2y$10$e2Mbx8vDCUfsMFvKdTq9QekZIJ0FXDNuMneXN2LjYR79gRdofe3WG', 'G1KHfsc3Er', 'Aktív', 'Még nem írtam magamról! Amennyiben szimpatikusak az állatok amiket feltöltöttem és befogadnád őket kérlek írj nekem egy emailt!', '', 'img/profile_pics/default.png', 'img/thumbnail_pics/default.png', '2023-04-23 14:03:19', '2023-04-23 14:03:19'),
('511767693762466520182386', 'Lola', 'lola@startmail.com', '$2y$10$QY7e2qDvZHrjg.vnvQsvJu2F6WTAIiJogGzYacD.hYGMdfnO4y65O', 'hb8ydboLub', 'Aktív', 'Még nem írtam magamról! Amennyiben szimpatikusak az állatok amiket feltöltöttem és befogadnád őket kérlek írj nekem egy emailt!', '', 'img/profile_pics/girl 9.png', 'img/thumbnail_pics/default.png', '2023-04-22 21:37:40', '2023-04-22 21:37:40'),
('517685247023604971994634', 'domos72', 'domos72@freemail.hu', '', '4exSqjBABr', 'Nincs', 'Még nem írtam magamról! Amennyiben szimpatikusak az állatok amiket feltöltöttem és befogadnád őket kérlek írj nekem egy emailt!', '', 'img/profile_pics/default.png', 'img/thumbnail_pics/default.png', '2023-04-27 13:43:09', '2023-04-27 13:43:09'),
('523464550731177987991900', 'Ivy', 'ivy@mailinator2.com', '$2y$10$dpMzqatY67LJ.gb3hm0b2O6iXZ6eDQsT.Xdc7qaNvJqucnhpzIkWW', 'pjJ4NfoSGn', 'Aktív', 'Még nem írtam magamról! Amennyiben szimpatikusak az állatok amiket feltöltöttem és befogadnád őket kérlek írj nekem egy emailt!', '', 'img/profile_pics/guy 8.png', 'img/thumbnail_pics/default.png', '2023-04-23 14:03:02', '2023-04-23 14:03:02'),
('523504348454289820319421', 'Felhasználó', 'felhasznalo@tesztfiok.hu', '$2y$10$VZMvJGw1o7pnHm3hlk6MquK4j2U0XOGozp0BacMTG4ju0gceyYqOa', 'GRbMqTW5Mt', 'Aktív', 'Felhasználó vagyok', '06201234567', 'img/profile_pics/default.png', 'img/thumbnail_pics/default.png', '2023-04-27 19:53:24', '2023-04-28 10:53:39'),
('530091547636205273759568', 'Sariya', 'sariya@lavabit.com', '$2y$10$Bpk3/71/cZYr8VFFD6aj2eH8/DQNQb6kP73MxKm6gnzj67nihqprS', 'V2udYss8Sf', 'Aktív', 'Még nem írtam magamról! Amennyiben szimpatikusak az állatok amiket feltöltöttem és befogadnád őket kérlek írj nekem egy emailt!', '', 'img/profile_pics/guy 4.png', 'img/thumbnail_pics/default.png', '2023-04-22 21:51:54', '2023-04-22 21:51:54'),
('545046446691822626000183', 'Elina', 'elina@lycos.com', '$2y$10$tgCH2iQGbrnt5p9eLxlab.7DYp5wbGax3hx9C3cB2q.WOt1aWoD8m', 'MEISFjzt92', 'Aktív', 'Még nem írtam magamról! Amennyiben szimpatikusak az állatok amiket feltöltöttem és befogadnád őket kérlek írj nekem egy emailt!', '', 'img/profile_pics/girl 4.png', 'img/thumbnail_pics/default.png', '2023-04-23 14:02:42', '2023-04-23 14:02:42'),
('546940129684817155127691', 'Sophia', 'sophia@charter.net', '$2y$10$AXP.JRbjP5EI4k2SQs9Y5.lfcLF3NS.4p.1TVNWoyNKtW2ElAV1Ia', 'Vm4KKvJeo7', 'Aktív', 'Még nem írtam magamról! Amennyiben szimpatikusak az állatok amiket feltöltöttem és befogadnád őket kérlek írj nekem egy emailt!', '', 'img/profile_pics/default.png', 'img/thumbnail_pics/default.png', '2023-04-22 21:51:16', '2023-04-22 21:51:16'),
('551789616754620570304572', 'Alexa', 'alexa@grr.la', '$2y$10$M9676z29TonkGfcHwyzbNOA60dyQ6arumyy0GFJFYz7tVEWeVvjaK', 'pCpY5VSzn5', 'Aktív', 'Még nem írtam magamról! Amennyiben szimpatikusak az állatok amiket feltöltöttem és befogadnád őket kérlek írj nekem egy emailt!', '', 'img/profile_pics/guy 10.png', 'img/thumbnail_pics/default.png', '2023-04-22 21:37:35', '2023-04-22 21:37:35'),
('565183460210047914512459', 'Anja', 'anja@protonmail.com', '$2y$10$I4bBIiBhONj6/vrAnf8imOPzPO8AOILk/skY8PaBrqZroIXWaGn5W', 'rZ8fZ33YyG', 'Aktív', 'Még nem írtam magamról! Amennyiben szimpatikusak az állatok amiket feltöltöttem és befogadnád őket kérlek írj nekem egy emailt!', '', 'img/profile_pics/guy 12.png', 'img/thumbnail_pics/default.png', '2023-04-23 14:03:01', '2023-04-23 14:03:01'),
('575095065242808586230835', 'Abigail', 'abigail@zippymail.info', '$2y$10$9HJBG3nW8.9Zzpwp804PAO3Um9SrkmOja2t7BYD/YRUDvDMHmhd2C', 'hu3CutVVPN', 'Aktív', 'Még nem írtam magamról! Amennyiben szimpatikusak az állatok amiket feltöltöttem és befogadnád őket kérlek írj nekem egy emailt!', '', 'img/profile_pics/girl 7.png', 'img/thumbnail_pics/default.png', '2023-04-22 21:51:33', '2023-04-22 21:51:33'),
('575712522815566582179735', 'Siyona', 'siyona@spamhole.com', '$2y$10$9L5HScQEGi7TWl6pWLcTOusYUe88PJzH5IWFs3oMN6qXTgJLHbe.O', 'D22QvqkjIJ', 'Aktív', 'Még nem írtam magamról! Amennyiben szimpatikusak az állatok amiket feltöltöttem és befogadnád őket kérlek írj nekem egy emailt!', '', 'img/profile_pics/girl 7.png', 'img/thumbnail_pics/default.png', '2023-04-22 21:51:58', '2023-04-22 21:51:58'),
('580337869062699827789319', 'Nelly', 'nelly@spamgourmet.org', '$2y$10$0BZAHq4vbOymYTwFC3ayNO0wO1x6kV0ovVAKSJQERhWqSQwfICqoq', 'Fo7Sq7edzb', 'Aktív', 'Még nem írtam magamról! Amennyiben szimpatikusak az állatok amiket feltöltöttem és befogadnád őket kérlek írj nekem egy emailt!', '', 'img/profile_pics/girl 9.png', 'img/thumbnail_pics/default.png', '2023-04-23 14:03:21', '2023-04-23 14:03:21'),
('591435396462093281306606', 'Jana', 'jana@pacbell.net', '$2y$10$rHE4GmZvvLY8dPWWfkz0kOC/w2EW8FQJhC2BBRc5rGlbW0ig6YETy', 'xkbgotlCi3', 'Aktív', 'Még nem írtam magamról! Amennyiben szimpatikusak az állatok amiket feltöltöttem és befogadnád őket kérlek írj nekem egy emailt!', '', 'img/profile_pics/default.png', 'img/thumbnail_pics/default.png', '2023-04-22 21:51:50', '2023-04-22 21:51:50'),
('592566102141498350148696', 'finosa', 'finosa4930@in2reach.com', '', 'YBy5xZDnUN', 'Nincs', 'Még nem írtam magamról! Amennyiben szimpatikusak az állatok amiket feltöltöttem és befogadnád őket kérlek írj nekem egy emailt!', '', 'img/profile_pics/default.png', 'img/thumbnail_pics/default.png', '2023-04-27 13:22:47', '2023-04-27 13:22:47'),
('602675198057026143779003', 'Maya', 'maya@mailinator2.com', '$2y$10$cuH3vTrPj83gYF5VKhscu.yL./hRMTgZX3G86bWE9kf3JBe8Rucb6', 'DL5UziHjgV', 'Aktív', 'Még nem írtam magamról! Amennyiben szimpatikusak az állatok amiket feltöltöttem és befogadnád őket kérlek írj nekem egy emailt!', '', 'img/profile_pics/default.png', 'img/thumbnail_pics/default.png', '2023-04-23 14:03:13', '2023-04-23 14:03:13'),
('603612133638912340520569', 'domoci', 'domoci@gmail.com', '', '8quyPpLSbD', 'Nincs', 'Még nem írtam magamról! Amennyiben szimpatikusak az állatok amiket feltöltöttem és befogadnád őket kérlek írj nekem egy emailt!', '', 'img/profile_pics/default.png', 'img/thumbnail_pics/default.png', '2023-04-27 13:42:53', '2023-04-27 13:42:53'),
('604147850478111316962084', 'Kensley', 'kensley@inbox.com', '$2y$10$528swt8e2QFJzDedqN8WJO6iVI.Jm5wngrdzz2e65IYknz2ckf4Sa', 'bqgXLC4GFF', 'Aktív', 'Még nem írtam magamról! Amennyiben szimpatikusak az állatok amiket feltöltöttem és befogadnád őket kérlek írj nekem egy emailt!', '', 'img/profile_pics/girl 5.png', 'img/thumbnail_pics/default.png', '2023-04-23 14:03:17', '2023-04-23 14:03:17'),
('617564526612369186726451', 'Kathleen', 'kathleen@tempsky.com', '$2y$10$ReAHRjc89oPB87ewtFezi.rbhL4.mpnAaJDMByiSuVYPjPCi0rWli', 'jEE4IhSdqq', 'Aktív', 'Még nem írtam magamról! Amennyiben szimpatikusak az állatok amiket feltöltöttem és befogadnád őket kérlek írj nekem egy emailt!', '', 'img/profile_pics/guy 5.png', 'img/thumbnail_pics/default.png', '2023-04-22 21:51:21', '2023-04-22 21:51:21'),
('621607645127928935970565', 'Kyah', 'kyah@tempmail.net', '$2y$10$7bUFoGyv91KDikaSaZfqHutUuxi/wU8Joc0mc/Ep/RpqzqM7dKjyu', 'RPzNWsuAU6', 'Aktív', 'Még nem írtam magamról! Amennyiben szimpatikusak az állatok amiket feltöltöttem és befogadnád őket kérlek írj nekem egy emailt!', '', 'img/profile_pics/guy 12.png', 'img/thumbnail_pics/default.png', '2023-04-23 14:03:04', '2023-04-23 14:03:04'),
('626080979976224203101522', 'Sylvie', 'sylvie@spamfree.eu', '$2y$10$dBPoEas4RCAPUCgCd4MCl.iOK8w2.EqEBzs5d.t5gOHGgj/GQomeG', 'sCk1ZidFGr', 'Aktív', 'Még nem írtam magamról! Amennyiben szimpatikusak az állatok amiket feltöltöttem és befogadnád őket kérlek írj nekem egy emailt!', '', 'img/profile_pics/guy 12.png', 'img/thumbnail_pics/default.png', '2023-04-22 21:52:05', '2023-04-22 21:52:05'),
('649785314798366676970463', 'lopego', 'lopego8055@meidecn.com', '', 'qZP79HNEre', 'Nincs', 'Még nem írtam magamról! Amennyiben szimpatikusak az állatok amiket feltöltöttem és befogadnád őket kérlek írj nekem egy emailt!', '', 'img/profile_pics/default.png', 'img/thumbnail_pics/default.png', '2023-04-26 10:34:43', '2023-04-26 10:34:43'),
('649975044589726835608619', 'Gianni', 'gianni@spamgourmet.org', '$2y$10$v.99LrH0xDtSz..zn4svx.6p2r6bryX4OgyiPghonIbZ2EbhLAQGq', 'l9TMQmxRp6', 'Aktív', 'Még nem írtam magamról! Amennyiben szimpatikusak az állatok amiket feltöltöttem és befogadnád őket kérlek írj nekem egy emailt!', '', 'img/profile_pics/guy 8.png', 'img/thumbnail_pics/default.png', '2023-04-22 21:51:23', '2023-04-22 21:51:23'),
('651357581557564215389801', 'Mackenzie', 'mackenzie@mailinator.net', '$2y$10$eOPQ489MhQbLQc4dIMGfFO2J6dZhqn5EEoW/cuT40AGYQZMxhbbhO', 'fScWbMpjVZ', 'Aktív', 'Még nem írtam magamról! Amennyiben szimpatikusak az állatok amiket feltöltöttem és befogadnád őket kérlek írj nekem egy emailt!', '', 'img/profile_pics/guy 9.png', 'img/thumbnail_pics/default.png', '2023-04-23 14:03:29', '2023-04-23 14:03:29'),
('651466045804671075958661', 'Anisa', 'anisa@discard.email', '$2y$10$t9r5rlQB5JJsZfxVzkxiE.7yuVcfK5AB2OCISRpYqeWnRqPrheWu2', '9baJ8c7FVn', 'Aktív', 'Még nem írtam magamról! Amennyiben szimpatikusak az állatok amiket feltöltöttem és befogadnád őket kérlek írj nekem egy emailt!', '', 'img/profile_pics/girl 6.png', 'img/thumbnail_pics/default.png', '2023-04-22 21:51:19', '2023-04-22 21:51:19'),
('657409029825927137036651', 'Deborah', 'deborah@bouncr.com', '$2y$10$y7Cati7iJaqJqUg2MdAr9uZUezDDKuu/VtTQNy4hTVTOdIKhkJUO6', 'TdvNufRV8M', 'Aktív', 'Még nem írtam magamról! Amennyiben szimpatikusak az állatok amiket feltöltöttem és befogadnád őket kérlek írj nekem egy emailt!', '', 'img/profile_pics/girl 12.png', 'img/thumbnail_pics/default.png', '2023-04-22 21:37:26', '2023-04-22 21:37:26'),
('676792166945839402823584', 'lenit', 'lenit16428@jobbrett.com', '', 'Oo9TpCl7JJ', 'Nincs', 'Még nem írtam magamról! Amennyiben szimpatikusak az állatok amiket feltöltöttem és befogadnád őket kérlek írj nekem egy emailt!', '', 'img/profile_pics/default.png', 'img/thumbnail_pics/default.png', '2023-04-26 10:24:58', '2023-04-26 10:24:58'),
('684732964510844676220312', 'Vida', 'vida@mailexpire.com', '$2y$10$sV6QvttcZDXhr66Vjk8zBOYo/TkwEGSyzOriC0.N72hDDr9dZjrKC', 'HyGXrNEsc9', 'Aktív', 'Még nem írtam magamról! Amennyiben szimpatikusak az állatok amiket feltöltöttem és befogadnád őket kérlek írj nekem egy emailt!', '', 'img/profile_pics/guy 7.png', 'img/thumbnail_pics/default.png', '2023-04-22 21:52:03', '2023-04-22 21:52:03'),
('695604377046182331562065', 'Paulina', 'paulina@inbox.com', '$2y$10$XS13cQd1BLiOcrwAMMS.yOab904hCRcna.3yu7O5.RfTGagoed5Na', 'NKYDySgbya', 'Aktív', 'Még nem írtam magamról! Amennyiben szimpatikusak az állatok amiket feltöltöttem és befogadnád őket kérlek írj nekem egy emailt!', '', 'img/profile_pics/guy 4.png', 'img/thumbnail_pics/default.png', '2023-04-22 21:36:54', '2023-04-22 21:36:54'),
('696718517192098822202201', 'Nahla', 'nahla@cox.net', '$2y$10$aFUuGIIH9YXayA.YMRLnv.sH9enQ5W4UGdQ.K0p2ztPQIgDgiOiui', '0QD8YGxx5H', 'Aktív', 'Még nem írtam magamról! Amennyiben szimpatikusak az állatok amiket feltöltöttem és befogadnád őket kérlek írj nekem egy emailt!', '', 'img/profile_pics/guy 6.png', 'img/thumbnail_pics/default.png', '2023-04-22 21:37:22', '2023-04-22 21:37:22'),
('717601086945029035382102', 'Janya', 'janya@maildrop.cc', '$2y$10$4GBNR4yB2yGmngD9P6jURutPq93YU.FgIIzQJP7YPQKLVWcFWgOXW', 'DywztkwNNh', 'Aktív', 'Még nem írtam magamról! Amennyiben szimpatikusak az állatok amiket feltöltöttem és befogadnád őket kérlek írj nekem egy emailt!', '', 'img/profile_pics/guy 9.png', 'img/thumbnail_pics/default.png', '2023-04-23 14:02:46', '2023-04-23 14:02:46'),
('717843719140313522967891', 'Khloe', 'khloe@spamex.com', '$2y$10$B4DKVcafrENJoQfBooQcnOG/WC4Z38QB3Eohnr35Y1j/oE4.s7xFO', 'pxqrUrD4vu', 'AktĂ­v', 'Még nem írtam magamról! Amennyiben szimpatikusak az állatok amiket feltöltöttem és befogadnád őket kérlek írj nekem egy emailt!', '', 'img/profile_pics/guy 1.png', 'img/thumbnail_pics/default.png', '2023-04-24 12:37:06', '2023-04-24 12:37:06'),
('71923819283781', 'Admin', 'admin@gmail.com', '$2y$10$rzJ4BeRrduDZ/VDjd/DdIuxIw25nSZKX8jVlQx5Iz4v2bZnKwPHSG', '', 'Aktív', 'Admin vagyok! Mindent láttok!', '', 'img/profile_pics/default.png', 'img/thumbnail_pics/default.png', '2023-04-22 16:05:15', '2023-04-22 16:05:59'),
('720000430267759542335192', 'Marian', 'marian@roadrunner.com', '$2y$10$Xfm.nawg.qlpx64E4ez7lOomWOoyUP1DSRT17yvHfKuq0tVnF.jaO', 'sNpI8xA9JW', 'Aktív', 'Még nem írtam magamról! Amennyiben szimpatikusak az állatok amiket feltöltöttem és befogadnád őket kérlek írj nekem egy emailt!', '', 'img/profile_pics/guy 8.png', 'img/thumbnail_pics/default.png', '2023-04-22 21:51:49', '2023-04-22 21:51:49'),
('720098155461552591550962', 'relege', 'relege3124@jobbrett.com', '', 'brcCc2scX7', 'Nincs', 'Még nem írtam magamról! Amennyiben szimpatikusak az állatok amiket feltöltöttem és befogadnád őket kérlek írj nekem egy emailt!', '', 'img/profile_pics/default.png', 'img/thumbnail_pics/default.png', '2023-04-26 10:52:34', '2023-04-26 10:52:34'),
('731482967550348850719935', 'Vince31', 'bogar.vince10@gmail.com', '$2y$10$w6L.S4HE6XqIWzIpDitFxOTloJaTCwrO68xER7pLGxjXyT3BQpS52', 'nevVQ89VTD', 'Aktív', 'Még nem írtam magamról! Amennyiben szimpatikusak az állatok amiket feltöltöttem és befogadnád őket kérlek írj nekem egy emailt!', '', 'img/profile_pics/default.png', 'img/thumbnail_pics/default.png', '2023-04-29 14:42:34', '2023-04-29 14:49:19'),
('742216861214362338553527', 'Reese', 'reese@spambox.us', '$2y$10$y/V5lFVSfADU4wtStMHeOujBKnzK62WYEOMi5TAOW5AHmMdGaVP3q', 'ZRWTZSj3Pi', 'Aktív', 'Még nem írtam magamról! Amennyiben szimpatikusak az állatok amiket feltöltöttem és befogadnád őket kérlek írj nekem egy emailt!', '', 'img/profile_pics/guy 7.png', 'img/thumbnail_pics/default.png', '2023-04-22 21:36:50', '2023-04-22 21:36:50'),
('760959448618919823403789', 'wiyegov', 'wiyegov191@larland.com', '', 'fsi88oLFH8', 'Nincs', 'Még nem írtam magamról! Amennyiben szimpatikusak az állatok amiket feltöltöttem és befogadnád őket kérlek írj nekem egy emailt!', '', 'img/profile_pics/default.png', 'img/thumbnail_pics/default.png', '2023-04-26 11:03:19', '2023-04-26 11:03:19'),
('773779878634452169749083', 'Yaretzi', 'yaretzi@mailinator.com', '$2y$10$WfUZ0VjfX2stDIa6jTEWr.W8d5sn0f/xwARvShchld6lgp0PadtrC', 'yJMupeKdm5', 'Aktív', 'Még nem írtam magamról! Amennyiben szimpatikusak az állatok amiket feltöltöttem és befogadnád őket kérlek írj nekem egy emailt!', '', 'img/profile_pics/default.png', 'img/thumbnail_pics/default.png', '2023-04-22 21:37:36', '2023-04-22 21:37:36'),
('776148129444677240544695', 'Teszt', 'scholamemek@gmail.com', '$2y$10$ZT/AD73yNpoDaVH1L7Vuiu0OpRb.fdELusUTq2eSd5IqoryKgX9xK', 'AoKQoaP1u5', 'Aktív', 'Még nem írtam magamról! Amennyiben szimpatikusak az állatok amiket feltöltöttem és befogadnád őket kérlek írj nekem egy emailt!', '', 'img/profile_pics/default.png', 'img/thumbnail_pics/default.png', '2023-06-05 19:54:23', '2023-06-05 19:55:41'),
('783947777879280010178959', 'Savannah', 'savannah@dispostable.com', '$2y$10$0gXjuDCljdYWHWod2edXde6oPKmLQUry3c/4MT/MAZlfw5oXvsxJC', 'XlsMO3qhri', 'Aktív', 'Még nem írtam magamról! Amennyiben szimpatikusak az állatok amiket feltöltöttem és befogadnád őket kérlek írj nekem egy emailt!', '', 'img/profile_pics/default.png', 'img/thumbnail_pics/default.png', '2023-04-22 21:51:52', '2023-04-22 21:51:52'),
('794132651502987295055515', 'domosandi', 'domosandi@gmail.com', '', 'F77oI8mSck', 'Nincs', 'Még nem írtam magamról! Amennyiben szimpatikusak az állatok amiket feltöltöttem és befogadnád őket kérlek írj nekem egy emailt!', '', 'img/profile_pics/default.png', 'img/thumbnail_pics/default.png', '2023-04-27 13:44:54', '2023-04-27 13:44:54'),
('795250995596375797526080', 'Destinee', 'destinee@getnada.com', '$2y$10$UxrWgSoNYPxtGFvOeoyvUuO2ItUhM3JmsEBy1sVEG60tUw1Pm.3nC', 'YVwzeXTDzr', 'Aktív', 'Még nem írtam magamról! Amennyiben szimpatikusak az állatok amiket feltöltöttem és befogadnád őket kérlek írj nekem egy emailt!', '', 'img/profile_pics/default.png', 'img/thumbnail_pics/default.png', '2023-04-22 21:51:56', '2023-04-22 21:51:56'),
('797003268842242101341189', 'Zahra', 'zahra@charter.net', '$2y$10$2VUwC5K6JhLMWoNm9K9dEeqSrYOX/AoIrP1ToTis/Tf7JAudLOKHu', 'vGRi6PxCbG', 'Aktív', 'Még nem írtam magamról! Amennyiben szimpatikusak az állatok amiket feltöltöttem és befogadnád őket kérlek írj nekem egy emailt!', '', 'img/profile_pics/default.png', 'img/thumbnail_pics/default.png', '2023-04-23 14:02:48', '2023-04-23 14:02:48'),
('797443148419614888953052', 'Athena', 'athena@yopmail.fr', '$2y$10$ggIZKXL8ru0PxD/wtGwDp.XSV24D9M36w3F1r6wSFpcVXX222ZS3G', 'fmt0lZ6Vdp', 'Aktív', 'Még nem írtam magamról! Amennyiben szimpatikusak az állatok amiket feltöltöttem és befogadnád őket kérlek írj nekem egy emailt!', '', 'img/profile_pics/guy 2.png', 'img/thumbnail_pics/default.png', '2023-04-22 21:51:57', '2023-04-22 21:51:57'),
('803176887439538609487926', 'Allison', 'allison@yandex.com', '$2y$10$p.cjh/EDhFpSAYKhoJmav./ptbarhml18UKPIhfTLNOLvHS/kRzWy', 'l4vhHeq9pw', 'Aktív', 'Még nem írtam magamról! Amennyiben szimpatikusak az állatok amiket feltöltöttem és befogadnád őket kérlek írj nekem egy emailt!', '', 'img/profile_pics/guy 1.png', 'img/thumbnail_pics/default.png', '2023-04-22 21:37:31', '2023-04-22 21:37:31'),
('806872177093211998795692', 'Azalea', 'azalea@zippymail.info', '$2y$10$dFRxredXQGL.Ky55I7Fasu5OZ7tSDhA1WNz4lfL.1K1FoOq9h6e6W', 'Lv1HiltopE', 'Aktív', 'Még nem írtam magamról! Amennyiben szimpatikusak az állatok amiket feltöltöttem és befogadnád őket kérlek írj nekem egy emailt!', '', 'img/profile_pics/girl 8.png', 'img/thumbnail_pics/default.png', '2023-04-23 14:02:44', '2023-04-23 14:02:44'),
('818459778677401594693518', 'Isla', 'isla@mail.com', '$2y$10$AD6lMMBOznUGFM1aYZ9xsOpIVonDPsrsmfbKcf3H/3VZV7BMT7JNW', '7r4ZF1CKPy', 'Aktív', 'Még nem írtam magamról! Amennyiben szimpatikusak az állatok amiket feltöltöttem és befogadnád őket kérlek írj nekem egy emailt!', '', 'img/profile_pics/default.png', 'img/thumbnail_pics/default.png', '2023-04-22 21:36:40', '2023-04-22 21:36:40'),
('819752718191543305262970', 'Sevyn', 'sevyn@msn.com', '$2y$10$CXenOzLk/WCkUIT5RaxlCe6S2ZVs2KTNEvcwxBJnaMs3umrn94cEu', 'ZnPy4iubb6', 'Aktív', 'Még nem írtam magamról! Amennyiben szimpatikusak az állatok amiket feltöltöttem és befogadnád őket kérlek írj nekem egy emailt!', '', 'img/profile_pics/guy 2.png', 'img/thumbnail_pics/default.png', '2023-04-22 21:52:11', '2023-04-22 21:52:11'),
('820493633369083990440936', 'naresa', 'naresa9850@jobbrett.com', '', 'iPUWWqYOjv', 'Nincs', 'Még nem írtam magamról! Amennyiben szimpatikusak az állatok amiket feltöltöttem és befogadnád őket kérlek írj nekem egy emailt!', '', 'img/profile_pics/default.png', 'img/thumbnail_pics/default.png', '2023-04-27 13:25:57', '2023-04-27 13:25:57'),
('824300945851882209265816', 'Optimus_Prime_Fővezér', 'wuncsdavid@hotmail.com', '$2y$10$uea5chF4y9.5FLyqKTwNUuXq7ODrBDUN6YOkp2VXKuHBfN.3iUY3a', '5XPR8Blac3', 'Aktív', 'Még nem írtam magamról! Amennyiben szimpatikusak az állatok amiket feltöltöttem és befogadnád őket kérlek írj nekem egy emailt!', '', 'img/profile_pics/default.png', 'img/thumbnail_pics/default.png', '2023-04-25 08:34:07', '2023-04-25 08:37:40');
INSERT INTO `users` (`userID`, `Name`, `Email`, `Password`, `ActivationCode`, `Activated`, `Description`, `PhoneNumber`, `ProfilePicture`, `Thumbnail`, `CreatedAt`, `UpdatedAt`) VALUES
('825091517031282512282166', 'Eleanora', 'eleanora@tempinbox.com', '$2y$10$J08SZol9CKQyvg5wNxBjqeJsnzvlxF5NTUeGEpsOHjAbLi3j/THVu', 'LEqRnJmmm8', 'Aktív', 'Még nem írtam magamról! Amennyiben szimpatikusak az állatok amiket feltöltöttem és befogadnád őket kérlek írj nekem egy emailt!', '', 'img/profile_pics/guy 9.png', 'img/thumbnail_pics/default.png', '2023-04-22 21:51:13', '2023-04-22 21:51:13'),
('833440930009387969812647', 'Amiya', 'amiya@trashmail.com', '$2y$10$sfTFrNhQJOehmqLEDMMrQumF.FScBssLCrVic9fIgNqviFTHtNcVC', 'Y60xupWYy7', 'Aktív', 'Még nem írtam magamról! Amennyiben szimpatikusak az állatok amiket feltöltöttem és befogadnád őket kérlek írj nekem egy emailt!', '', 'img/profile_pics/guy 11.png', 'img/thumbnail_pics/default.png', '2023-04-22 21:52:32', '2023-04-22 21:52:32'),
('833527791445942839931427', 'VJ07', 'jozsefv987@gmail.com', '$2y$10$NAmDSd7AQBr09KH00qRcHeDYw1Cz8EKljSD/XE9oHMZtNZsxvH6nO', 'yRF92tghbG', 'Aktív', 'jlj', '4665656', 'img/profile_pics/6447aa6b60b700.77653374.png', 'img/profile_pics/6447aa6b60cf59.64166803.jpg', '2023-04-25 10:15:42', '2023-04-25 10:24:43'),
('837011491147950755199982', 'tesztvizsgaremek', 'tesztvizsgaremek@gmail.com', '', 'uy645jYZW7', 'Nincs', 'Még nem írtam magamról! Amennyiben szimpatikusak az állatok amiket feltöltöttem és befogadnád őket kérlek írj nekem egy emailt!', '', 'img/profile_pics/default.png', 'img/thumbnail_pics/default.png', '2023-06-05 16:58:07', '2023-06-05 16:58:07'),
('840146355074235867755579', 'Larissa', 'larissa@rocketmail.com', '$2y$10$6B67rMFLUILcQG40QbvDoOhVGddXE0HebeBrDVNoELgVznNs6w18q', 'p5qNywUqGp', 'Aktív', 'Még nem írtam magamról! Amennyiben szimpatikusak az állatok amiket feltöltöttem és befogadnád őket kérlek írj nekem egy emailt!', '', 'img/profile_pics/girl 11.png', 'img/thumbnail_pics/default.png', '2023-04-23 14:03:20', '2023-04-23 14:03:20'),
('840295520393564581439447', 'Judith', 'judith@spambox.com', '$2y$10$XWWQF.mhiiDRR6yO1zNY2.COJz40D4k3eOVoTkmSWC5qJZkcuq9Y2', 'kdRrNEwEGO', 'Aktív', 'Még nem írtam magamról! Amennyiben szimpatikusak az állatok amiket feltöltöttem és befogadnád őket kérlek írj nekem egy emailt!', '', 'img/profile_pics/girl 12.png', 'img/thumbnail_pics/default.png', '2023-04-22 21:51:14', '2023-04-22 21:51:14'),
('848701523545627830080404', 'Eleanor', 'eleanor@tempmail.net', '$2y$10$IWdj6X7JpWFMNpx8rHqzredaCvYoi8ydoHcPlwzHVi4pbyP/hFHfy', 'mKipOAKRcR', 'Aktív', 'Még nem írtam magamról! Amennyiben szimpatikusak az állatok amiket feltöltöttem és befogadnád őket kérlek írj nekem egy emailt!', '', 'img/profile_pics/guy 1.png', 'img/thumbnail_pics/default.png', '2023-04-22 21:37:29', '2023-04-22 21:37:29'),
('854193229718576411391057', 'Sena', 'sena@spambox.org', '$2y$10$EkMTdKIU3u./yYpExMwQOeVqM.Gqs96/R323E/v0AwOdkVbRbisnS', 'zigBEDQicI', 'Aktív', 'Még nem írtam magamról! Amennyiben szimpatikusak az állatok amiket feltöltöttem és befogadnád őket kérlek írj nekem egy emailt!', '', 'img/profile_pics/girl 1.png', 'img/thumbnail_pics/default.png', '2023-04-23 14:02:57', '2023-04-23 14:02:57'),
('900995570544069477838724', 'Jasleen', 'jasleen@e4ward.com', '$2y$10$m2wFM7feP0nnthDCJd5Hfegxt77gN/f4XZatC9UbvBv60JReFkq6C', 'zX3ZAGPqfq', 'Aktív', 'Még nem írtam magamról! Amennyiben szimpatikusak az állatok amiket feltöltöttem és befogadnád őket kérlek írj nekem egy emailt!', '', 'img/profile_pics/guy 2.png', 'img/thumbnail_pics/default.png', '2023-04-23 14:02:51', '2023-04-23 14:02:51'),
('913338456370334633217797', 'Oaklyn', 'oaklyn@e4ward.com', '$2y$10$HTFCLi7kMp3FQuPfJztiueZW2lOEeLEZFUr2n8OIjc7WXOgAkYpTC', '5SPVPhS0Xe', 'Aktív', 'Még nem írtam magamról! Amennyiben szimpatikusak az állatok amiket feltöltöttem és befogadnád őket kérlek írj nekem egy emailt!', '', 'img/profile_pics/girl 12.png', 'img/thumbnail_pics/default.png', '2023-04-22 21:52:19', '2023-04-22 21:52:19'),
('917065361352656428086237', 'Ysabelle', 'ysabelle@trbvm.com', '$2y$10$RFA6qj70KitdLWB6AxNaa.gHUKTZTghE6TF2rd6wzYs7pL9RaPpmC', 'uwt0h43UaQ', 'AktĂ­v', 'Még nem írtam magamról! Amennyiben szimpatikusak az állatok amiket feltöltöttem és befogadnád őket kérlek írj nekem egy emailt!', '', 'img/profile_pics/girl 10.png', 'img/thumbnail_pics/default.png', '2023-04-24 14:45:19', '2023-04-24 14:45:19'),
('922962607350386702705466', 'Saoirse', 'saoirse@mailinator.com', '$2y$10$m59TXPWLc4QVC/cWg8Gvt.CC39AUssQbOemjs6d5LhTAwZLeWp4..', 'SOx7NfX4nG', 'Aktív', 'Még nem írtam magamról! Amennyiben szimpatikusak az állatok amiket feltöltöttem és befogadnád őket kérlek írj nekem egy emailt!', '', 'img/profile_pics/default.png', 'img/thumbnail_pics/default.png', '2023-04-22 21:52:26', '2023-04-22 21:52:26'),
('923338263371506619607656', 'Zainab', 'zainab@spamfree24.com', '$2y$10$QYZbs0BKcV6vmD453TWMoev02WhnlFlUBiQ5U.YzEl9YIwIxYcjFe', '7F756T3433', 'Aktív', 'Még nem írtam magamról! Amennyiben szimpatikusak az állatok amiket feltöltöttem és befogadnád őket kérlek írj nekem egy emailt!', '', 'img/profile_pics/guy 5.png', 'img/thumbnail_pics/default.png', '2023-04-22 21:52:00', '2023-04-22 21:52:00'),
('925995056402373350602762', 'Maria', 'maria@tempinbox.com', '$2y$10$WIQ7ebvrzdw2trkc0qgfyeULj0evuWygI5HA20AHJ5W5oYdlzw026', 'hlln8Ti34A', 'Aktív', 'Még nem írtam magamról! Amennyiben szimpatikusak az állatok amiket feltöltöttem és befogadnád őket kérlek írj nekem egy emailt!', '', 'img/profile_pics/girl 3.png', 'img/thumbnail_pics/default.png', '2023-04-22 21:52:02', '2023-04-22 21:52:02'),
('928920746080381656132095', 'Blaire', 'blaire@runbox.com', '$2y$10$4/8bSItFwGKL2iOcATWxLO6q0gwtgNauDGCjrEEthVTOh6Qzhn.RC', '1vfIKQekPu', 'Aktív', 'Még nem írtam magamról! Amennyiben szimpatikusak az állatok amiket feltöltöttem és befogadnád őket kérlek írj nekem egy emailt!', '', 'img/profile_pics/default.png', 'img/thumbnail_pics/default.png', '2023-04-23 14:03:07', '2023-04-23 14:03:07'),
('935762182126907400325316', 'Naimah', 'naimah@mailnesia.com', '$2y$10$SOA91AuCVYjW76ZEb7lo6e51zn//N52A8dQ5NVBhF/csKXXOPA2Jm', 'U2HhethTo5', 'Aktív', 'Még nem írtam magamról! Amennyiben szimpatikusak az állatok amiket feltöltöttem és befogadnád őket kérlek írj nekem egy emailt!', '', 'img/profile_pics/guy 1.png', 'img/thumbnail_pics/default.png', '2023-04-22 21:52:09', '2023-04-22 21:52:09'),
('937373097205205899504243', 'Savannah', 'savannah@netzero.net', '$2y$10$TIlKEnJ7NlUmU3.BYljye.yY1lauNLat4Et5h60JH.w5PU0RMlukO', 'WorxGaSpvl', 'Aktív', 'Még nem írtam magamról! Amennyiben szimpatikusak az állatok amiket feltöltöttem és befogadnád őket kérlek írj nekem egy emailt!', '', 'img/profile_pics/girl 3.png', 'img/thumbnail_pics/default.png', '2023-04-22 21:37:24', '2023-04-22 21:37:24'),
('941038705998903698751044', 'Blakeley', 'blakeley@spamfree24.com', '$2y$10$C12TL6cEioFC3m.oZCjx3uH7ScqrTeZpC2ewgXLQ1dqkooiUodItq', '77Q90ID3Pj', 'Aktív', 'Még nem írtam magamról! Amennyiben szimpatikusak az állatok amiket feltöltöttem és befogadnád őket kérlek írj nekem egy emailt!', '', 'img/profile_pics/guy 10.png', 'img/thumbnail_pics/default.png', '2023-04-22 21:52:35', '2023-04-22 21:52:35'),
('951163066803753077017072', 'Clara', 'clara@temporarily.de', '$2y$10$D2nHpeP6RLbCjadOptMu2eLc6aReyi8NL0OX3e8QZ.t2pebQQs2ma', 'rOU8F9Bc1n', 'Aktív', 'Még nem írtam magamról! Amennyiben szimpatikusak az állatok amiket feltöltöttem és befogadnád őket kérlek írj nekem egy emailt!', '', 'img/profile_pics/default.png', 'img/thumbnail_pics/default.png', '2023-04-22 21:36:41', '2023-04-22 21:36:41'),
('955590843276135888274847', 'Bree', 'bree@emailondeck.net', '$2y$10$cFgsN9dANVHq.wltEoVn4epAIh2K49UncWKGd9m/FQIEONTGL3atu', 'letqVk5k3Y', 'Aktív', 'Még nem írtam magamról! Amennyiben szimpatikusak az állatok amiket feltöltöttem és befogadnád őket kérlek írj nekem egy emailt!', '', 'img/profile_pics/guy 6.png', 'img/thumbnail_pics/default.png', '2023-04-22 21:36:45', '2023-04-22 21:36:45'),
('963459319913511790566601', 'Adaline', 'adaline@juno.com', '$2y$10$2FcUhYUjLQ/IogMTjpB99.WaKg3cXcm7wCtUEC60MZ9MivtgIs53i', 'aDKbwcm9gp', 'Aktív', 'Még nem írtam magamról! Amennyiben szimpatikusak az állatok amiket feltöltöttem és befogadnád őket kérlek írj nekem egy emailt!', '', 'img/profile_pics/girl 7.png', 'img/thumbnail_pics/default.png', '2023-04-23 14:03:31', '2023-04-23 14:03:31'),
('988335092896111351541073', 'meyah', 'meyah47651@in2reach.com', '', 'qJ59WHORKQ', 'Nincs', 'Még nem írtam magamról! Amennyiben szimpatikusak az állatok amiket feltöltöttem és befogadnád őket kérlek írj nekem egy emailt!', '', 'img/profile_pics/default.png', 'img/thumbnail_pics/default.png', '2023-04-24 19:52:09', '2023-04-24 19:52:09'),
('9905041215910623', 'Dömös Laci', 'domoslaszlo1999@gmail.com', '$2y$10$MqFu4wIeh6/gdMRszvsqr.p2sCXShnn9PNHUaCFgx36UWOJNrYSpy', 'OZZcpONNp3', 'Aktív', 'Hello! Én vagyok a Dömös Laci! Nagyon büszke vagyok erre az oldalra :)', '0620311111', 'img/profile_pics/644913cd6596e4.68229832.png', 'img/thumbnail_pics/644a78203ecce7.22691302.png', '2023-04-22 14:03:35', '2023-05-21 21:58:47'),
('998058286261243622202718', 'Rosa', 'rosa@mailexpire.com', '$2y$10$n9f362KhuHmjrNliIdhsnedCkgmyCIS7gAmnI//7AreTtxKJlJX6m', 'D1ckj9fDjn', 'Aktív', 'Még nem írtam magamról! Amennyiben szimpatikusak az állatok amiket feltöltöttem és befogadnád őket kérlek írj nekem egy emailt!', '', 'img/profile_pics/girl 1.png', 'img/thumbnail_pics/default.png', '2023-04-22 21:52:33', '2023-04-22 21:52:33');

--
-- Indexek a kiírt táblákhoz
--

--
-- A tábla indexei `animalinfo`
--
ALTER TABLE `animalinfo`
  ADD PRIMARY KEY (`animalID`),
  ADD KEY `Name` (`Name`),
  ADD KEY `Specie` (`Specie`),
  ADD KEY `UserID` (`userID`);

--
-- A tábla indexei `animalspecies`
--
ALTER TABLE `animalspecies`
  ADD PRIMARY KEY (`ID`),
  ADD KEY `Name` (`Name`);

--
-- A tábla indexei `bugreports`
--
ALTER TABLE `bugreports`
  ADD PRIMARY KEY (`ID`),
  ADD KEY `UserName` (`UserName`);

--
-- A tábla indexei `roles`
--
ALTER TABLE `roles`
  ADD PRIMARY KEY (`ID`),
  ADD KEY `RoleID` (`ID`),
  ADD KEY `userID` (`userID`);

--
-- A tábla indexei `users`
--
ALTER TABLE `users`
  ADD PRIMARY KEY (`userID`),
  ADD KEY `Name` (`Name`),
  ADD KEY `Email` (`Email`);

--
-- A kiírt táblák AUTO_INCREMENT értéke
--

--
-- AUTO_INCREMENT a táblához `bugreports`
--
ALTER TABLE `bugreports`
  MODIFY `ID` int(10) NOT NULL AUTO_INCREMENT, AUTO_INCREMENT=12;

--
-- AUTO_INCREMENT a táblához `roles`
--
ALTER TABLE `roles`
  MODIFY `ID` int(11) NOT NULL AUTO_INCREMENT, AUTO_INCREMENT=34;

--
-- Megkötések a kiírt táblákhoz
--

--
-- Megkötések a táblához `animalinfo`
--
ALTER TABLE `animalinfo`
  ADD CONSTRAINT `animalinfo_ibfk_1` FOREIGN KEY (`Specie`) REFERENCES `animalspecies` (`ID`) ON DELETE CASCADE ON UPDATE CASCADE,
  ADD CONSTRAINT `animalinfo_ibfk_2` FOREIGN KEY (`userID`) REFERENCES `users` (`userID`) ON DELETE CASCADE ON UPDATE CASCADE;

--
-- Megkötések a táblához `roles`
--
ALTER TABLE `roles`
  ADD CONSTRAINT `roles_ibfk_1` FOREIGN KEY (`userID`) REFERENCES `users` (`userID`) ON DELETE CASCADE ON UPDATE CASCADE;
COMMIT;

/*!40101 SET CHARACTER_SET_CLIENT=@OLD_CHARACTER_SET_CLIENT */;
/*!40101 SET CHARACTER_SET_RESULTS=@OLD_CHARACTER_SET_RESULTS */;
/*!40101 SET COLLATION_CONNECTION=@OLD_COLLATION_CONNECTION */;
